[32m[Nest] 19608  - [39m09/28/2026, 8:17:50 PM [32m    LOG[39m [38;5;3m[NestFactory] [39m[32mStarting Nest application...[39m
[32m[Nest] 19608  - [39m09/28/2026, 8:17:50 PM [32m    LOG[39m [38;5;3m[InstanceLoader] [39m[32mAppModule dependencies initialized[39m[38;5;3m +19ms[39m
[32m[Nest] 19608  - [39m09/28/2026, 8:17:50 PM [32m    LOG[39m [38;5;3m[RoutesResolver] [39m[32mMerchantVendorController {/api/v1/merchants/:merchantId/vendors}:[39m[38;5;3m +5ms[39m
[32m[Nest] 19608  - [39m09/28/2026, 8:17:50 PM [32m    LOG[39m [38;5;3m[RouterExplorer] [39m[32mMapped {/api/v1/merchants/:merchantId/vendors, GET} route[39m[38;5;3m +3ms[39m
[32m[Nest] 19608  - [39m09/28/2026, 8:17:50 PM [32m    LOG[39m [38;5;3m[RouterExplorer] [39m[32mMapped {/api/v1/merchants/:merchantId/vendors/all, GET} route[39m[38;5;3m +1ms[39m
[32m[Nest] 19608  - [39m09/28/2026, 8:17:50 PM [32m    LOG[39m [38;5;3m[RouterExplorer] [39m[32mMapped {/api/v1/merchants/:merchantId/vendors/available, GET} route[39m[38;5;3m +0ms[39m
[32m[Nest] 19608  - [39m09/28/2026, 8:17:50 PM [32m    LOG[39m [38;5;3m[RouterExplorer] [39m[32mMapped {/api/v1/merchants/:merchantId/vendors, POST} route[39m[38;5;3m +1ms[39m
[32m[Nest] 19608  - [39m09/28/2026, 8:17:50 PM [32m    LOG[39m [38;5;3m[RouterExplorer] [39m[32mMapped {/api/v1/merchants/:merchantId/vendors/:vendorId, DELETE} route[39m[38;5;3m +0ms[39m
[32m[Nest] 19608  - [39m09/28/2026, 8:17:50 PM [32m    LOG[39m [38;5;3m[RoutesResolver] [39m[32mMerchantVendorController {/connector/api/v1/merchants/:merchantId/vendors}:[39m[38;5;3m +0ms[39m
[32m[Nest] 19608  - [39m09/28/2026, 8:17:50 PM [32m    LOG[39m [38;5;3m[RouterExplorer] [39m[32mMapped {/connector/api/v1/merchants/:merchantId/vendors, GET} route[39m[38;5;3m +1ms[39m
[32m[Nest] 19608  - [39m09/28/2026, 8:17:50 PM [32m    LOG[39m [38;5;3m[RouterExplorer] [39m[32mMapped {/connector/api/v1/merchants/:merchantId/vendors/all, GET} route[39m[38;5;3m +0ms[39m
[32m[Nest] 19608  - [39m09/28/2026, 8:17:50 PM [32m    LOG[39m [38;5;3m[RouterExplorer] [39m[32mMapped {/connector/api/v1/merchants/:merchantId/vendors/available, GET} route[39m[38;5;3m +1ms[39m
[32m[Nest] 19608  - [39m09/28/2026, 8:17:50 PM [32m    LOG[39m [38;5;3m[RouterExplorer] [39m[32mMapped {/connector/api/v1/merchants/:merchantId/vendors, POST} route[39m[38;5;3m +0ms[39m
[32m[Nest] 19608  - [39m09/28/2026, 8:17:50 PM [32m    LOG[39m [38;5;3m[RouterExplorer] [39m[32mMapped {/connector/api/v1/merchants/:merchantId/vendors/:vendorId, DELETE} route[39m[38;5;3m +1ms[39m
[32m[Nest] 19608  - [39m09/28/2026, 8:17:50 PM [32m    LOG[39m [38;5;3m[RoutesResolver] [39m[32mMerchantVendorController {/merchants/:merchantId/vendors}:[39m[38;5;3m +0ms[39m
[32m[Nest] 19608  - [39m09/28/2026, 8:17:50 PM [32m    LOG[39m [38;5;3m[RouterExplorer] [39m[32mMapped {/merchants/:merchantId/vendors, GET} route[39m[38;5;3m +0ms[39m
[32m[Nest] 19608  - [39m09/28/2026, 8:17:50 PM [32m    LOG[39m [38;5;3m[RouterExplorer] [39m[32mMapped {/merchants/:merchantId/vendors/all, GET} route[39m[38;5;3m +1ms[39m
[32m[Nest] 19608  - [39m09/28/2026, 8:17:50 PM [32m    LOG[39m [38;5;3m[RouterExplorer] [39m[32mMapped {/merchants/:merchantId/vendors/available, GET} route[39m[38;5;3m +0ms[39m
[32m[Nest] 19608  - [39m09/28/2026, 8:17:50 PM [32m    LOG[39m [38;5;3m[RouterExplorer] [39m[32mMapped {/merchants/:merchantId/vendors, POST} route[39m[38;5;3m +0ms[39m
[32m[Nest] 19608  - [39m09/28/2026, 8:17:50 PM [32m    LOG[39m [38;5;3m[RouterExplorer] [39m[32mMapped {/merchants/:merchantId/vendors/:vendorId, DELETE} route[39m[38;5;3m +1ms[39m
[32m[Nest] 19608  - [39m09/28/2026, 8:17:50 PM [32m    LOG[39m [38;5;3m[RoutesResolver] [39m[32mMerchantPlanFeaturesController {/api/v1/merchants/:merchantId/store-types/:storeTypeId/features}:[39m[38;5;3m +0ms[39m
[32m[Nest] 19608  - [39m09/28/2026, 8:17:50 PM [32m    LOG[39m [38;5;3m[RouterExplorer] [39m[32mMapped {/api/v1/merchants/:merchantId/store-types/:storeTypeId/features, GET} route[39m[38;5;3m +0ms[39m
[32m[Nest] 19608  - [39m09/28/2026, 8:17:50 PM [32m    LOG[39m [38;5;3m[RoutesResolver] [39m[32mCompactMerchantController {/api/v1/merchants}:[39m[38;5;3m +0ms[39m
[32m[Nest] 19608  - [39m09/28/2026, 8:17:50 PM [32m    LOG[39m [38;5;3m[RouterExplorer] [39m[32mMapped {/api/v1/merchants/create-merchant, POST} route[39m[38;5;3m +1ms[39m
[32m[Nest] 19608  - [39m09/28/2026, 8:17:50 PM [32m    LOG[39m [38;5;3m[RouterExplorer] [39m[32mMapped {/api/v1/merchants, POST} route[39m[38;5;3m +0ms[39m
[32m[Nest] 19608  - [39m09/28/2026, 8:17:50 PM [32m    LOG[39m [38;5;3m[RouterExplorer] [39m[32mMapped {/api/v1/merchants, GET} route[39m[38;5;3m +0ms[39m
[32m[Nest] 19608  - [39m09/28/2026, 8:17:50 PM [32m    LOG[39m [38;5;3m[RouterExplorer] [39m[32mMapped {/api/v1/merchants/countries, GET} route[39m[38;5;3m +1ms[39m
[32m[Nest] 19608  - [39m09/28/2026, 8:17:50 PM [32m    LOG[39m [38;5;3m[RouterExplorer] [39m[32mMapped {/api/v1/merchants/subscriptions, GET} route[39m[38;5;3m +0ms[39m
[32m[Nest] 19608  - [39m09/28/2026, 8:17:50 PM [32m    LOG[39m [38;5;3m[RouterExplorer] [39m[32mMapped {/api/v1/merchants/subscriptions/active, GET} route[39m[38;5;3m +0ms[39m
[32m[Nest] 19608  - [39m09/28/2026, 8:17:50 PM [32m    LOG[39m [38;5;3m[RouterExplorer] [39m[32mMapped {/api/v1/merchants/subscriptions/:subscriptionId, GET} route[39m[38;5;3m +0ms[39m
[32m[Nest] 19608  - [39m09/28/2026, 8:17:50 PM [32m    LOG[39m [38;5;3m[RouterExplorer] [39m[32mMapped {/api/v1/merchants/subscriptions/subscription-plan-changes, POST} route[39m[38;5;3m +1ms[39m
[32m[Nest] 19608  - [39m09/28/2026, 8:17:50 PM [32m    LOG[39m [38;5;3m[RouterExplorer] [39m[32mMapped {/api/v1/merchants/:id/store-types, GET} route[39m[38;5;3m +0ms[39m
[32m[Nest] 19608  - [39m09/28/2026, 8:17:50 PM [32m    LOG[39m [38;5;3m[RouterExplorer] [39m[32mMapped {/api/v1/merchants/:id, GET} route[39m[38;5;3m +0ms[39m
[32m[Nest] 19608  - [39m09/28/2026, 8:17:50 PM [32m    LOG[39m [38;5;3m[RouterExplorer] [39m[32mMapped {/api/v1/merchants/:id/history, GET} route[39m[38;5;3m +0ms[39m
[32m[Nest] 19608  - [39m09/28/2026, 8:17:50 PM [32m    LOG[39m [38;5;3m[RouterExplorer] [39m[32mMapped {/api/v1/merchants/:id, PUT} route[39m[38;5;3m +1ms[39m
[32m[Nest] 19608  - [39m09/28/2026, 8:17:50 PM [32m    LOG[39m [38;5;3m[RouterExplorer] [39m[32mMapped {/api/v1/merchants/:id, PATCH} route[39m[38;5;3m +0ms[39m
[32m[Nest] 19608  - [39m09/28/2026, 8:17:50 PM [32m    LOG[39m [38;5;3m[RouterExplorer] [39m[32mMapped {/api/v1/merchants/:id/status, PATCH} route[39m[38;5;3m +0ms[39m
[32m[Nest] 19608  - [39m09/28/2026, 8:17:50 PM [32m    LOG[39m [38;5;3m[RouterExplorer] [39m[32mMapped {/api/v1/merchants/:id, DELETE} route[39m[38;5;3m +1ms[39m
[32m[Nest] 19608  - [39m09/28/2026, 8:17:50 PM [32m    LOG[39m [38;5;3m[RoutesResolver] [39m[32mCompactMerchantController {/connector/api/v1/merchants}:[39m[38;5;3m +0ms[39m
[32m[Nest] 19608  - [39m09/28/2026, 8:17:50 PM [32m    LOG[39m [38;5;3m[RouterExplorer] [39m[32mMapped {/connector/api/v1/merchants/create-merchant, POST} route[39m[38;5;3m +0ms[39m
[32m[Nest] 19608  - [39m09/28/2026, 8:17:50 PM [32m    LOG[39m [38;5;3m[RouterExplorer] [39m[32mMapped {/connector/api/v1/merchants, POST} route[39m[38;5;3m +0ms[39m
[32m[Nest] 19608  - [39m09/28/2026, 8:17:50 PM [32m    LOG[39m [38;5;3m[RouterExplorer] [39m[32mMapped {/connector/api/v1/merchants, GET} route[39m[38;5;3m +1ms[39m
[32m[Nest] 19608  - [39m09/28/2026, 8:17:50 PM [32m    LOG[39m [38;5;3m[RouterExplorer] [39m[32mMapped {/connector/api/v1/merchants/countries, GET} route[39m[38;5;3m +0ms[39m
[32m[Nest] 19608  - [39m09/28/2026, 8:17:50 PM [32m    LOG[39m [38;5;3m[RouterExplorer] [39m[32mMapped {/connector/api/v1/merchants/subscriptions, GET} route[39m[38;5;3m +0ms[39m
[32m[Nest] 19608  - [39m09/28/2026, 8:17:50 PM [32m    LOG[39m [38;5;3m[RouterExplorer] [39m[32mMapped {/connector/api/v1/merchants/subscriptions/active, GET} route[39m[38;5;3m +0ms[39m
[32m[Nest] 19608  - [39m09/28/2026, 8:17:50 PM [32m    LOG[39m [38;5;3m[RouterExplorer] [39m[32mMapped {/connector/api/v1/merchants/subscriptions/:subscriptionId, GET} route[39m[38;5;3m +1ms[39m
[32m[Nest] 19608  - [39m09/28/2026, 8:17:50 PM [32m    LOG[39m [38;5;3m[RouterExplorer] [39m[32mMapped {/connector/api/v1/merchants/subscriptions/subscription-plan-changes, POST} route[39m[38;5;3m +0ms[39m
[32m[Nest] 19608  - [39m09/28/2026, 8:17:50 PM [32m    LOG[39m [38;5;3m[RouterExplorer] [39m[32mMapped {/connector/api/v1/merchants/:id/store-types, GET} route[39m[38;5;3m +0ms[39m
[32m[Nest] 19608  - [39m09/28/2026, 8:17:50 PM [32m    LOG[39m [38;5;3m[RouterExplorer] [39m[32mMapped {/connector/api/v1/merchants/:id, GET} route[39m[38;5;3m +0ms[39m
[32m[Nest] 19608  - [39m09/28/2026, 8:17:50 PM [32m    LOG[39m [38;5;3m[RouterExplorer] [39m[32mMapped {/connector/api/v1/merchants/:id/history, GET} route[39m[38;5;3m +0ms[39m
[32m[Nest] 19608  - [39m09/28/2026, 8:17:50 PM [32m    LOG[39m [38;5;3m[RouterExplorer] [39m[32mMapped {/connector/api/v1/merchants/:id, PUT} route[39m[38;5;3m +1ms[39m
[32m[Nest] 19608  - [39m09/28/2026, 8:17:50 PM [32m    LOG[39m [38;5;3m[RouterExplorer] [39m[32mMapped {/connector/api/v1/merchants/:id, PATCH} route[39m[38;5;3m +0ms[39m
[32m[Nest] 19608  - [39m09/28/2026, 8:17:50 PM [32m    LOG[39m [38;5;3m[RouterExplorer] [39m[32mMapped {/connector/api/v1/merchants/:id/status, PATCH} route[39m[38;5;3m +0ms[39m
[32m[Nest] 19608  - [39m09/28/2026, 8:17:50 PM [32m    LOG[39m [38;5;3m[RouterExplorer] [39m[32mMapped {/connector/api/v1/merchants/:id, DELETE} route[39m[38;5;3m +0ms[39m
[32m[Nest] 19608  - [39m09/28/2026, 8:17:50 PM [32m    LOG[39m [38;5;3m[RoutesResolver] [39m[32mCompactMerchantController {/merchants}:[39m[38;5;3m +1ms[39m
[32m[Nest] 19608  - [39m09/28/2026, 8:17:50 PM [32m    LOG[39m [38;5;3m[RouterExplorer] [39m[32mMapped {/merchants/create-merchant, POST} route[39m[38;5;3m +0ms[39m
[32m[Nest] 19608  - [39m09/28/2026, 8:17:50 PM [32m    LOG[39m [38;5;3m[RouterExplorer] [39m[32mMapped {/merchants, POST} route[39m[38;5;3m +0ms[39m
[32m[Nest] 19608  - [39m09/28/2026, 8:17:50 PM [32m    LOG[39m [38;5;3m[RouterExplorer] [39m[32mMapped {/merchants, GET} route[39m[38;5;3m +0ms[39m
[32m[Nest] 19608  - [39m09/28/2026, 8:17:50 PM [32m    LOG[39m [38;5;3m[RouterExplorer] [39m[32mMapped {/merchants/countries, GET} route[39m[38;5;3m +0ms[39m
[32m[Nest] 19608  - [39m09/28/2026, 8:17:50 PM [32m    LOG[39m [38;5;3m[RouterExplorer] [39m[32mMapped {/merchants/subscriptions, GET} route[39m[38;5;3m +1ms[39m
[32m[Nest] 19608  - [39m09/28/2026, 8:17:50 PM [32m    LOG[39m [38;5;3m[RouterExplorer] [39m[32mMapped {/merchants/subscriptions/active, GET} route[39m[38;5;3m +0ms[39m
[32m[Nest] 19608  - [39m09/28/2026, 8:17:50 PM [32m    LOG[39m [38;5;3m[RouterExplorer] [39m[32mMapped {/merchants/subscriptions/:subscriptionId, GET} route[39m[38;5;3m +0ms[39m
[32m[Nest] 19608  - [39m09/28/2026, 8:17:50 PM [32m    LOG[39m [38;5;3m[RouterExplorer] [39m[32mMapped {/merchants/subscriptions/subscription-plan-changes, POST} route[39m[38;5;3m +0ms[39m
[32m[Nest] 19608  - [39m09/28/2026, 8:17:50 PM [32m    LOG[39m [38;5;3m[RouterExplorer] [39m[32mMapped {/merchants/:id/store-types, GET} route[39m[38;5;3m +1ms[39m
[32m[Nest] 19608  - [39m09/28/2026, 8:17:50 PM [32m    LOG[39m [38;5;3m[RouterExplorer] [39m[32mMapped {/merchants/:id, GET} route[39m[38;5;3m +0ms[39m
[32m[Nest] 19608  - [39m09/28/2026, 8:17:50 PM [32m    LOG[39m [38;5;3m[RouterExplorer] [39m[32mMapped {/merchants/:id/history, GET} route[39m[38;5;3m +0ms[39m
[32m[Nest] 19608  - [39m09/28/2026, 8:17:50 PM [32m    LOG[39m [38;5;3m[RouterExplorer] [39m[32mMapped {/merchants/:id, PUT} route[39m[38;5;3m +0ms[39m
[32m[Nest] 19608  - [39m09/28/2026, 8:17:50 PM [32m    LOG[39m [38;5;3m[RouterExplorer] [39m[32mMapped {/merchants/:id, PATCH} route[39m[38;5;3m +0ms[39m
[32m[Nest] 19608  - [39m09/28/2026, 8:17:50 PM [32m    LOG[39m [38;5;3m[RouterExplorer] [39m[32mMapped {/merchants/:id/status, PATCH} route[39m[38;5;3m +1ms[39m
[32m[Nest] 19608  - [39m09/28/2026, 8:17:50 PM [32m    LOG[39m [38;5;3m[RouterExplorer] [39m[32mMapped {/merchants/:id, DELETE} route[39m[38;5;3m +0ms[39m
[32m[Nest] 19608  - [39m09/28/2026, 8:17:50 PM [32m    LOG[39m [38;5;3m[RoutesResolver] [39m[32mCountriesController {/api/v1/countries}:[39m[38;5;3m +0ms[39m
[32m[Nest] 19608  - [39m09/28/2026, 8:17:50 PM [32m    LOG[39m [38;5;3m[RouterExplorer] [39m[32mMapped {/api/v1/countries, GET} route[39m[38;5;3m +0ms[39m
[32m[Nest] 19608  - [39m09/28/2026, 8:17:50 PM [32m    LOG[39m [38;5;3m[RoutesResolver] [39m[32mCountriesController {/connector/api/v1/countries}:[39m[38;5;3m +1ms[39m
[32m[Nest] 19608  - [39m09/28/2026, 8:17:50 PM [32m    LOG[39m [38;5;3m[RouterExplorer] [39m[32mMapped {/connector/api/v1/countries, GET} route[39m[38;5;3m +0ms[39m
[32m[Nest] 19608  - [39m09/28/2026, 8:17:50 PM [32m    LOG[39m [38;5;3m[RoutesResolver] [39m[32mCountriesController {/countries}:[39m[38;5;3m +0ms[39m
[32m[Nest] 19608  - [39m09/28/2026, 8:17:50 PM [32m    LOG[39m [38;5;3m[RouterExplorer] [39m[32mMapped {/countries, GET} route[39m[38;5;3m +0ms[39m
[32m[Nest] 19608  - [39m09/28/2026, 8:17:50 PM [32m    LOG[39m [38;5;3m[RoutesResolver] [39m[32mCompactSubscriptionController {/api/v1/subscriptions}:[39m[38;5;3m +0ms[39m
[32m[Nest] 19608  - [39m09/28/2026, 8:17:50 PM [32m    LOG[39m [38;5;3m[RouterExplorer] [39m[32mMapped {/api/v1/subscriptions, GET} route[39m[38;5;3m +1ms[39m
[32m[Nest] 19608  - [39m09/28/2026, 8:17:50 PM [32m    LOG[39m [38;5;3m[RouterExplorer] [39m[32mMapped {/api/v1/subscriptions/active, GET} route[39m[38;5;3m +0ms[39m
[32m[Nest] 19608  - [39m09/28/2026, 8:17:50 PM [32m    LOG[39m [38;5;3m[RouterExplorer] [39m[32mMapped {/api/v1/subscriptions/subscription-plan-changes, POST} route[39m[38;5;3m +1ms[39m
[32m[Nest] 19608  - [39m09/28/2026, 8:17:50 PM [32m    LOG[39m [38;5;3m[RouterExplorer] [39m[32mMapped {/api/v1/subscriptions/:id, GET} route[39m[38;5;3m +0ms[39m
[32m[Nest] 19608  - [39m09/28/2026, 8:17:50 PM [32m    LOG[39m [38;5;3m[RouterExplorer] [39m[32mMapped {/api/v1/subscriptions, POST} route[39m[38;5;3m +1ms[39m
[32m[Nest] 19608  - [39m09/28/2026, 8:17:50 PM [32m    LOG[39m [38;5;3m[RouterExplorer] [39m[32mMapped {/api/v1/subscriptions/:id, PUT} route[39m[38;5;3m +0ms[39m
[32m[Nest] 19608  - [39m09/28/2026, 8:17:50 PM [32m    LOG[39m [38;5;3m[RouterExplorer] [39m[32mMapped {/api/v1/subscriptions/:id, PATCH} route[39m[38;5;3m +0ms[39m
[32m[Nest] 19608  - [39m09/28/2026, 8:17:50 PM [32m    LOG[39m [38;5;3m[RouterExplorer] [39m[32mMapped {/api/v1/subscriptions/:id/status, PATCH} route[39m[38;5;3m +0ms[39m
[32m[Nest] 19608  - [39m09/28/2026, 8:17:50 PM [32m    LOG[39m [38;5;3m[RouterExplorer] [39m[32mMapped {/api/v1/subscriptions/:id, DELETE} route[39m[38;5;3m +1ms[39m
[32m[Nest] 19608  - [39m09/28/2026, 8:17:50 PM [32m    LOG[39m [38;5;3m[RoutesResolver] [39m[32mCompactSubscriptionController {/connector/api/v1/subscriptions}:[39m[38;5;3m +0ms[39m
[32m[Nest] 19608  - [39m09/28/2026, 8:17:50 PM [32m    LOG[39m [38;5;3m[RouterExplorer] [39m[32mMapped {/connector/api/v1/subscriptions, GET} route[39m[38;5;3m +0ms[39m
[32m[Nest] 19608  - [39m09/28/2026, 8:17:50 PM [32m    LOG[39m [38;5;3m[RouterExplorer] [39m[32mMapped {/connector/api/v1/subscriptions/active, GET} route[39m[38;5;3m +0ms[39m
[32m[Nest] 19608  - [39m09/28/2026, 8:17:50 PM [32m    LOG[39m [38;5;3m[RouterExplorer] [39m[32mMapped {/connector/api/v1/subscriptions/subscription-plan-changes, POST} route[39m[38;5;3m +0ms[39m
[32m[Nest] 19608  - [39m09/28/2026, 8:17:50 PM [32m    LOG[39m [38;5;3m[RouterExplorer] [39m[32mMapped {/connector/api/v1/subscriptions/:id, GET} route[39m[38;5;3m +1ms[39m
[32m[Nest] 19608  - [39m09/28/2026, 8:17:50 PM [32m    LOG[39m [38;5;3m[RouterExplorer] [39m[32mMapped {/connector/api/v1/subscriptions, POST} route[39m[38;5;3m +0ms[39m
[32m[Nest] 19608  - [39m09/28/2026, 8:17:50 PM [32m    LOG[39m [38;5;3m[RouterExplorer] [39m[32mMapped {/connector/api/v1/subscriptions/:id, PUT} route[39m[38;5;3m +0ms[39m
[32m[Nest] 19608  - [39m09/28/2026, 8:17:50 PM [32m    LOG[39m [38;5;3m[RouterExplorer] [39m[32mMapped {/connector/api/v1/subscriptions/:id, PATCH} route[39m[38;5;3m +0ms[39m
[32m[Nest] 19608  - [39m09/28/2026, 8:17:50 PM [32m    LOG[39m [38;5;3m[RouterExplorer] [39m[32mMapped {/connector/api/v1/subscriptions/:id/status, PATCH} route[39m[38;5;3m +1ms[39m
[32m[Nest] 19608  - [39m09/28/2026, 8:17:50 PM [32m    LOG[39m [38;5;3m[RouterExplorer] [39m[32mMapped {/connector/api/v1/subscriptions/:id, DELETE} route[39m[38;5;3m +0ms[39m
[32m[Nest] 19608  - [39m09/28/2026, 8:17:50 PM [32m    LOG[39m [38;5;3m[RoutesResolver] [39m[32mMerchantTendorController {/api/v1/merchants/:merchantId/tendors}:[39m[38;5;3m +0ms[39m
[32m[Nest] 19608  - [39m09/28/2026, 8:17:50 PM [32m    LOG[39m [38;5;3m[RouterExplorer] [39m[32mMapped {/api/v1/merchants/:merchantId/tendors, GET} route[39m[38;5;3m +0ms[39m
[32m[Nest] 19608  - [39m09/28/2026, 8:17:50 PM [32m    LOG[39m [38;5;3m[RouterExplorer] [39m[32mMapped {/api/v1/merchants/:merchantId/tendors/available, GET} route[39m[38;5;3m +0ms[39m
[32m[Nest] 19608  - [39m09/28/2026, 8:17:50 PM [32m    LOG[39m [38;5;3m[RouterExplorer] [39m[32mMapped {/api/v1/merchants/:merchantId/tendors, POST} route[39m[38;5;3m +1ms[39m
[32m[Nest] 19608  - [39m09/28/2026, 8:17:50 PM [32m    LOG[39m [38;5;3m[RouterExplorer] [39m[32mMapped {/api/v1/merchants/:merchantId/tendors/:tendorId, DELETE} route[39m[38;5;3m +0ms[39m
[32m[Nest] 19608  - [39m09/28/2026, 8:17:50 PM [32m    LOG[39m [38;5;3m[RoutesResolver] [39m[32mMerchantTendorController {/connector/api/v1/merchants/:merchantId/tendors}:[39m[38;5;3m +0ms[39m
[32m[Nest] 19608  - [39m09/28/2026, 8:17:50 PM [32m    LOG[39m [38;5;3m[RouterExplorer] [39m[32mMapped {/connector/api/v1/merchants/:merchantId/tendors, GET} route[39m[38;5;3m +0ms[39m
[32m[Nest] 19608  - [39m09/28/2026, 8:17:50 PM [32m    LOG[39m [38;5;3m[RouterExplorer] [39m[32mMapped {/connector/api/v1/merchants/:merchantId/tendors/available, GET} route[39m[38;5;3m +1ms[39m
[32m[Nest] 19608  - [39m09/28/2026, 8:17:50 PM [32m    LOG[39m [38;5;3m[RouterExplorer] [39m[32mMapped {/connector/api/v1/merchants/:merchantId/tendors, POST} route[39m[38;5;3m +0ms[39m
[32m[Nest] 19608  - [39m09/28/2026, 8:17:50 PM [32m    LOG[39m [38;5;3m[RouterExplorer] [39m[32mMapped {/connector/api/v1/merchants/:merchantId/tendors/:tendorId, DELETE} route[39m[38;5;3m +0ms[39m
[32m[Nest] 19608  - [39m09/28/2026, 8:17:50 PM [32m    LOG[39m [38;5;3m[RoutesResolver] [39m[32mMerchantTendorController {/merchants/:merchantId/tendors}:[39m[38;5;3m +0ms[39m
[32m[Nest] 19608  - [39m09/28/2026, 8:17:50 PM [32m    LOG[39m [38;5;3m[RouterExplorer] [39m[32mMapped {/merchants/:merchantId/tendors, GET} route[39m[38;5;3m +0ms[39m
[32m[Nest] 19608  - [39m09/28/2026, 8:17:50 PM [32m    LOG[39m [38;5;3m[RouterExplorer] [39m[32mMapped {/merchants/:merchantId/tendors/available, GET} route[39m[38;5;3m +1ms[39m
[32m[Nest] 19608  - [39m09/28/2026, 8:17:50 PM [32m    LOG[39m [38;5;3m[RouterExplorer] [39m[32mMapped {/merchants/:merchantId/tendors, POST} route[39m[38;5;3m +0ms[39m
[32m[Nest] 19608  - [39m09/28/2026, 8:17:50 PM [32m    LOG[39m [38;5;3m[RouterExplorer] [39m[32mMapped {/merchants/:merchantId/tendors/:tendorId, DELETE} route[39m[38;5;3m +0ms[39m
[32m[Nest] 19608  - [39m09/28/2026, 8:17:50 PM [32m    LOG[39m [38;5;3m[RoutesResolver] [39m[32mSubscriptionPlanChangeController {/api/v1/subscriptions/subscription-plan-changes}:[39m[38;5;3m +0ms[39m
[32m[Nest] 19608  - [39m09/28/2026, 8:17:50 PM [32m    LOG[39m [38;5;3m[RouterExplorer] [39m[32mMapped {/api/v1/subscriptions/subscription-plan-changes, POST} route[39m[38;5;3m +1ms[39m
[32m[Nest] 19608  - [39m09/28/2026, 8:17:50 PM [32m    LOG[39m [38;5;3m[RoutesResolver] [39m[32mSubscriptionPlanChangeController {/connector/api/v1/subscriptions/subscription-plan-changes}:[39m[38;5;3m +0ms[39m
[32m[Nest] 19608  - [39m09/28/2026, 8:17:50 PM [32m    LOG[39m [38;5;3m[RouterExplorer] [39m[32mMapped {/connector/api/v1/subscriptions/subscription-plan-changes, POST} route[39m[38;5;3m +0ms[39m
[32m[Nest] 19608  - [39m09/28/2026, 8:17:50 PM [32m    LOG[39m [38;5;3m[RoutesResolver] [39m[32mSubscriptionPlanChangeController {/api/v1/subscription-plan-changes}:[39m[38;5;3m +0ms[39m
[32m[Nest] 19608  - [39m09/28/2026, 8:17:50 PM [32m    LOG[39m [38;5;3m[RouterExplorer] [39m[32mMapped {/api/v1/subscription-plan-changes, POST} route[39m[38;5;3m +0ms[39m
[32m[Nest] 19608  - [39m09/28/2026, 8:17:50 PM [32m    LOG[39m [38;5;3m[RoutesResolver] [39m[32mSubscriptionPlanChangeController {/api/v1/api/v1/subscription-plan-changes}:[39m[38;5;3m +0ms[39m
[32m[Nest] 19608  - [39m09/28/2026, 8:17:50 PM [32m    LOG[39m [38;5;3m[RouterExplorer] [39m[32mMapped {/api/v1/api/v1/subscription-plan-changes, POST} route[39m[38;5;3m +1ms[39m
[32m[Nest] 19608  - [39m09/28/2026, 8:17:50 PM [32m    LOG[39m [38;5;3m[RoutesResolver] [39m[32mSubscriptionPlanChangeController {/connector/api/v1/subscription-plan-changes}:[39m[38;5;3m +0ms[39m
[32m[Nest] 19608  - [39m09/28/2026, 8:17:50 PM [32m    LOG[39m [38;5;3m[RouterExplorer] [39m[32mMapped {/connector/api/v1/subscription-plan-changes, POST} route[39m[38;5;3m +0ms[39m
[32m[Nest] 19608  - [39m09/28/2026, 8:17:50 PM [32m    LOG[39m [38;5;3m[RoutesResolver] [39m[32mStoreTypeFeatureCatalogController {/api/v1/store-types/:storeTypeId/features/by-category}:[39m[38;5;3m +0ms[39m
[32m[Nest] 19608  - [39m09/28/2026, 8:17:50 PM [32m    LOG[39m [38;5;3m[RouterExplorer] [39m[32mMapped {/api/v1/store-types/:storeTypeId/features/by-category, GET} route[39m[38;5;3m +1ms[39m
[32m[Nest] 19608  - [39m09/28/2026, 8:17:50 PM [32m    LOG[39m [38;5;3m[RoutesResolver] [39m[32mStoreTypeFeatureCatalogController {/api/v1/store_types/:storeTypeId/features/by-category}:[39m[38;5;3m +0ms[39m
[32m[Nest] 19608  - [39m09/28/2026, 8:17:50 PM [32m    LOG[39m [38;5;3m[RouterExplorer] [39m[32mMapped {/api/v1/store_types/:storeTypeId/features/by-category, GET} route[39m[38;5;3m +0ms[39m
[32m[Nest] 19608  - [39m09/28/2026, 8:17:50 PM [32m    LOG[39m [38;5;3m[RoutesResolver] [39m[32mStoreTypeFeatureCatalogController {/connector/api/v1/store-types/:storeTypeId/features/by-category}:[39m[38;5;3m +0ms[39m
[32m[Nest] 19608  - [39m09/28/2026, 8:17:50 PM [32m    LOG[39m [38;5;3m[RouterExplorer] [39m[32mMapped {/connector/api/v1/store-types/:storeTypeId/features/by-category, GET} route[39m[38;5;3m +0ms[39m
[32m[Nest] 19608  - [39m09/28/2026, 8:17:50 PM [32m    LOG[39m [38;5;3m[RoutesResolver] [39m[32mStoreTypeFeatureCatalogController {/connector/api/v1/store_types/:storeTypeId/features/by-category}:[39m[38;5;3m +0ms[39m
[32m[Nest] 19608  - [39m09/28/2026, 8:17:50 PM [32m    LOG[39m [38;5;3m[RouterExplorer] [39m[32mMapped {/connector/api/v1/store_types/:storeTypeId/features/by-category, GET} route[39m[38;5;3m +1ms[39m
[32m[Nest] 19608  - [39m09/28/2026, 8:17:50 PM [32m    LOG[39m [38;5;3m[RoutesResolver] [39m[32mFeatureStoreTypeCatalogController {/api/v1/features/:featureId/store-types/available}:[39m[38;5;3m +0ms[39m
[32m[Nest] 19608  - [39m09/28/2026, 8:17:50 PM [32m    LOG[39m [38;5;3m[RouterExplorer] [39m[32mMapped {/api/v1/features/:featureId/store-types/available, GET} route[39m[38;5;3m +0ms[39m
[32m[Nest] 19608  - [39m09/28/2026, 8:17:50 PM [32m    LOG[39m [38;5;3m[RoutesResolver] [39m[32mFeatureStoreTypeCatalogController {/api/v1/features/:featureId/store_types/available}:[39m[38;5;3m +0ms[39m
[32m[Nest] 19608  - [39m09/28/2026, 8:17:50 PM [32m    LOG[39m [38;5;3m[RouterExplorer] [39m[32mMapped {/api/v1/features/:featureId/store_types/available, GET} route[39m[38;5;3m +0ms[39m
[32m[Nest] 19608  - [39m09/28/2026, 8:17:50 PM [32m    LOG[39m [38;5;3m[RoutesResolver] [39m[32mFeatureStoreTypeCatalogController {/connector/api/v1/features/:featureId/store-types/available}:[39m[38;5;3m +1ms[39m
[32m[Nest] 19608  - [39m09/28/2026, 8:17:50 PM [32m    LOG[39m [38;5;3m[RouterExplorer] [39m[32mMapped {/connector/api/v1/features/:featureId/store-types/available, GET} route[39m[38;5;3m +0ms[39m
[32m[Nest] 19608  - [39m09/28/2026, 8:17:50 PM [32m    LOG[39m [38;5;3m[RoutesResolver] [39m[32mFeatureStoreTypeCatalogController {/connector/api/v1/features/:featureId/store_types/available}:[39m[38;5;3m +0ms[39m
[32m[Nest] 19608  - [39m09/28/2026, 8:17:50 PM [32m    LOG[39m [38;5;3m[RouterExplorer] [39m[32mMapped {/connector/api/v1/features/:featureId/store_types/available, GET} route[39m[38;5;3m +0ms[39m
[32m[Nest] 19608  - [39m09/28/2026, 8:17:50 PM [32m    LOG[39m [38;5;3m[RoutesResolver] [39m[32mStoreTypeRoleTemplateCatalogController {/api/v1/store-types/:storeTypeId/role-templates/available}:[39m[38;5;3m +0ms[39m
[32m[Nest] 19608  - [39m09/28/2026, 8:17:50 PM [32m    LOG[39m [38;5;3m[RouterExplorer] [39m[32mMapped {/api/v1/store-types/:storeTypeId/role-templates/available, GET} route[39m[38;5;3m +1ms[39m
[32m[Nest] 19608  - [39m09/28/2026, 8:17:50 PM [32m    LOG[39m [38;5;3m[RoutesResolver] [39m[32mStoreTypeRoleTemplateCatalogController {/api/v1/store_types/:storeTypeId/role-templates/available}:[39m[38;5;3m +0ms[39m
[32m[Nest] 19608  - [39m09/28/2026, 8:17:50 PM [32m    LOG[39m [38;5;3m[RouterExplorer] [39m[32mMapped {/api/v1/store_types/:storeTypeId/role-templates/available, GET} route[39m[38;5;3m +0ms[39m
[32m[Nest] 19608  - [39m09/28/2026, 8:17:50 PM [32m    LOG[39m [38;5;3m[RoutesResolver] [39m[32mStoreTypeAssignedRoleTemplatesController {/api/v1/store-types/:storeTypeId/role-templates}:[39m[38;5;3m +0ms[39m
[32m[Nest] 19608  - [39m09/28/2026, 8:17:50 PM [32m    LOG[39m [38;5;3m[RouterExplorer] [39m[32mMapped {/api/v1/store-types/:storeTypeId/role-templates/assigned, GET} route[39m[38;5;3m +1ms[39m
[32m[Nest] 19608  - [39m09/28/2026, 8:17:50 PM [32m    LOG[39m [38;5;3m[RouterExplorer] [39m[32mMapped {/api/v1/store-types/:storeTypeId/role-templates/bulk, POST} route[39m[38;5;3m +0ms[39m
[32m[Nest] 19608  - [39m09/28/2026, 8:17:50 PM [32m    LOG[39m [38;5;3m[RouterExplorer] [39m[32mMapped {/api/v1/store-types/:storeTypeId/role-templates, GET} route[39m[38;5;3m +0ms[39m
[32m[Nest] 19608  - [39m09/28/2026, 8:17:50 PM [32m    LOG[39m [38;5;3m[RouterExplorer] [39m[32mMapped {/api/v1/store-types/:storeTypeId/role-templates/:relatedId, GET} route[39m[38;5;3m +0ms[39m
[32m[Nest] 19608  - [39m09/28/2026, 8:17:50 PM [32m    LOG[39m [38;5;3m[RouterExplorer] [39m[32mMapped {/api/v1/store-types/:storeTypeId/role-templates, POST} route[39m[38;5;3m +1ms[39m
[32m[Nest] 19608  - [39m09/28/2026, 8:17:50 PM [32m    LOG[39m [38;5;3m[RouterExplorer] [39m[32mMapped {/api/v1/store-types/:storeTypeId/role-templates/:relatedId, PUT} route[39m[38;5;3m +0ms[39m
[32m[Nest] 19608  - [39m09/28/2026, 8:17:50 PM [32m    LOG[39m [38;5;3m[RouterExplorer] [39m[32mMapped {/api/v1/store-types/:storeTypeId/role-templates/:relatedId, PATCH} route[39m[38;5;3m +1ms[39m
[32m[Nest] 19608  - [39m09/28/2026, 8:17:50 PM [32m    LOG[39m [38;5;3m[RouterExplorer] [39m[32mMapped {/api/v1/store-types/:storeTypeId/role-templates/:relatedId, DELETE} route[39m[38;5;3m +0ms[39m
[32m[Nest] 19608  - [39m09/28/2026, 8:17:50 PM [32m    LOG[39m [38;5;3m[RoutesResolver] [39m[32mStoreTypeAssignedRoleTemplatesController {/api/v1/store_types/:storeTypeId/role-templates}:[39m[38;5;3m +0ms[39m
[32m[Nest] 19608  - [39m09/28/2026, 8:17:50 PM [32m    LOG[39m [38;5;3m[RouterExplorer] [39m[32mMapped {/api/v1/store_types/:storeTypeId/role-templates/assigned, GET} route[39m[38;5;3m +0ms[39m
[32m[Nest] 19608  - [39m09/28/2026, 8:17:50 PM [32m    LOG[39m [38;5;3m[RouterExplorer] [39m[32mMapped {/api/v1/store_types/:storeTypeId/role-templates/bulk, POST} route[39m[38;5;3m +1ms[39m
[32m[Nest] 19608  - [39m09/28/2026, 8:17:50 PM [32m    LOG[39m [38;5;3m[RouterExplorer] [39m[32mMapped {/api/v1/store_types/:storeTypeId/role-templates, GET} route[39m[38;5;3m +0ms[39m
[32m[Nest] 19608  - [39m09/28/2026, 8:17:50 PM [32m    LOG[39m [38;5;3m[RouterExplorer] [39m[32mMapped {/api/v1/store_types/:storeTypeId/role-templates/:relatedId, GET} route[39m[38;5;3m +0ms[39m
[32m[Nest] 19608  - [39m09/28/2026, 8:17:50 PM [32m    LOG[39m [38;5;3m[RouterExplorer] [39m[32mMapped {/api/v1/store_types/:storeTypeId/role-templates, POST} route[39m[38;5;3m +1ms[39m
[32m[Nest] 19608  - [39m09/28/2026, 8:17:50 PM [32m    LOG[39m [38;5;3m[RouterExplorer] [39m[32mMapped {/api/v1/store_types/:storeTypeId/role-templates/:relatedId, PUT} route[39m[38;5;3m +0ms[39m
[32m[Nest] 19608  - [39m09/28/2026, 8:17:50 PM [32m    LOG[39m [38;5;3m[RouterExplorer] [39m[32mMapped {/api/v1/store_types/:storeTypeId/role-templates/:relatedId, PATCH} route[39m[38;5;3m +0ms[39m
[32m[Nest] 19608  - [39m09/28/2026, 8:17:50 PM [32m    LOG[39m [38;5;3m[RouterExplorer] [39m[32mMapped {/api/v1/store_types/:storeTypeId/role-templates/:relatedId, DELETE} route[39m[38;5;3m +0ms[39m
[32m[Nest] 19608  - [39m09/28/2026, 8:17:50 PM [32m    LOG[39m [38;5;3m[RoutesResolver] [39m[32mStoreTypeAssignedRoleTemplatesController {/connector/api/v1/store-types/:storeTypeId/role-templates}:[39m[38;5;3m +0ms[39m
[32m[Nest] 19608  - [39m09/28/2026, 8:17:50 PM [32m    LOG[39m [38;5;3m[RouterExplorer] [39m[32mMapped {/connector/api/v1/store-types/:storeTypeId/role-templates/assigned, GET} route[39m[38;5;3m +1ms[39m
[32m[Nest] 19608  - [39m09/28/2026, 8:17:50 PM [32m    LOG[39m [38;5;3m[RouterExplorer] [39m[32mMapped {/connector/api/v1/store-types/:storeTypeId/role-templates/bulk, POST} route[39m[38;5;3m +0ms[39m
[32m[Nest] 19608  - [39m09/28/2026, 8:17:50 PM [32m    LOG[39m [38;5;3m[RouterExplorer] [39m[32mMapped {/connector/api/v1/store-types/:storeTypeId/role-templates, GET} route[39m[38;5;3m +0ms[39m
[32m[Nest] 19608  - [39m09/28/2026, 8:17:50 PM [32m    LOG[39m [38;5;3m[RouterExplorer] [39m[32mMapped {/connector/api/v1/store-types/:storeTypeId/role-templates/:relatedId, GET} route[39m[38;5;3m +0ms[39m
[32m[Nest] 19608  - [39m09/28/2026, 8:17:50 PM [32m    LOG[39m [38;5;3m[RouterExplorer] [39m[32mMapped {/connector/api/v1/store-types/:storeTypeId/role-templates, POST} route[39m[38;5;3m +1ms[39m
[32m[Nest] 19608  - [39m09/28/2026, 8:17:50 PM [32m    LOG[39m [38;5;3m[RouterExplorer] [39m[32mMapped {/connector/api/v1/store-types/:storeTypeId/role-templates/:relatedId, PUT} route[39m[38;5;3m +0ms[39m
[32m[Nest] 19608  - [39m09/28/2026, 8:17:50 PM [32m    LOG[39m [38;5;3m[RouterExplorer] [39m[32mMapped {/connector/api/v1/store-types/:storeTypeId/role-templates/:relatedId, PATCH} route[39m[38;5;3m +0ms[39m
[32m[Nest] 19608  - [39m09/28/2026, 8:17:50 PM [32m    LOG[39m [38;5;3m[RouterExplorer] [39m[32mMapped {/connector/api/v1/store-types/:storeTypeId/role-templates/:relatedId, DELETE} route[39m[38;5;3m +0ms[39m
[32m[Nest] 19608  - [39m09/28/2026, 8:17:50 PM [32m    LOG[39m [38;5;3m[RoutesResolver] [39m[32mStoreTypeAssignedRoleTemplatesController {/connector/api/v1/store_types/:storeTypeId/role-templates}:[39m[38;5;3m +1ms[39m
[32m[Nest] 19608  - [39m09/28/2026, 8:17:50 PM [32m    LOG[39m [38;5;3m[RouterExplorer] [39m[32mMapped {/connector/api/v1/store_types/:storeTypeId/role-templates/assigned, GET} route[39m[38;5;3m +0ms[39m
[32m[Nest] 19608  - [39m09/28/2026, 8:17:50 PM [32m    LOG[39m [38;5;3m[RouterExplorer] [39m[32mMapped {/connector/api/v1/store_types/:storeTypeId/role-templates/bulk, POST} route[39m[38;5;3m +0ms[39m
[32m[Nest] 19608  - [39m09/28/2026, 8:17:50 PM [32m    LOG[39m [38;5;3m[RouterExplorer] [39m[32mMapped {/connector/api/v1/store_types/:storeTypeId/role-templates, GET} route[39m[38;5;3m +1ms[39m
[32m[Nest] 19608  - [39m09/28/2026, 8:17:50 PM [32m    LOG[39m [38;5;3m[RouterExplorer] [39m[32mMapped {/connector/api/v1/store_types/:storeTypeId/role-templates/:relatedId, GET} route[39m[38;5;3m +0ms[39m
[32m[Nest] 19608  - [39m09/28/2026, 8:17:50 PM [32m    LOG[39m [38;5;3m[RouterExplorer] [39m[32mMapped {/connector/api/v1/store_types/:storeTypeId/role-templates, POST} route[39m[38;5;3m +0ms[39m
[32m[Nest] 19608  - [39m09/28/2026, 8:17:50 PM [32m    LOG[39m [38;5;3m[RouterExplorer] [39m[32mMapped {/connector/api/v1/store_types/:storeTypeId/role-templates/:relatedId, PUT} route[39m[38;5;3m +0ms[39m
[32m[Nest] 19608  - [39m09/28/2026, 8:17:50 PM [32m    LOG[39m [38;5;3m[RouterExplorer] [39m[32mMapped {/connector/api/v1/store_types/:storeTypeId/role-templates/:relatedId, PATCH} route[39m[38;5;3m +1ms[39m
[32m[Nest] 19608  - [39m09/28/2026, 8:17:50 PM [32m    LOG[39m [38;5;3m[RouterExplorer] [39m[32mMapped {/connector/api/v1/store_types/:storeTypeId/role-templates/:relatedId, DELETE} route[39m[38;5;3m +0ms[39m
[32m[Nest] 19608  - [39m09/28/2026, 8:17:50 PM [32m    LOG[39m [38;5;3m[RoutesResolver] [39m[32mStoreRoleTemplateController {/api/v1/merchants/:merchantId/stores/:storeId/role-templates}:[39m[38;5;3m +0ms[39m
[32m[Nest] 19608  - [39m09/28/2026, 8:17:50 PM [32m    LOG[39m [38;5;3m[RouterExplorer] [39m[32mMapped {/api/v1/merchants/:merchantId/stores/:storeId/role-templates, GET} route[39m[38;5;3m +1ms[39m
[32m[Nest] 19608  - [39m09/28/2026, 8:17:50 PM [32m    LOG[39m [38;5;3m[RouterExplorer] [39m[32mMapped {/api/v1/merchants/:merchantId/stores/:storeId/role-templates, PUT} route[39m[38;5;3m +0ms[39m
[32m[Nest] 19608  - [39m09/28/2026, 8:17:50 PM [32m    LOG[39m [38;5;3m[RoutesResolver] [39m[32mStoreRoleTemplateController {/connector/api/v1/merchants/:merchantId/stores/:storeId/role-templates}:[39m[38;5;3m +0ms[39m
[32m[Nest] 19608  - [39m09/28/2026, 8:17:50 PM [32m    LOG[39m [38;5;3m[RouterExplorer] [39m[32mMapped {/connector/api/v1/merchants/:merchantId/stores/:storeId/role-templates, GET} route[39m[38;5;3m +1ms[39m
[32m[Nest] 19608  - [39m09/28/2026, 8:17:50 PM [32m    LOG[39m [38;5;3m[RouterExplorer] [39m[32mMapped {/connector/api/v1/merchants/:merchantId/stores/:storeId/role-templates, PUT} route[39m[38;5;3m +0ms[39m
[32m[Nest] 19608  - [39m09/28/2026, 8:17:50 PM [32m    LOG[39m [38;5;3m[RoutesResolver] [39m[32mRoleTemplateStoreTypeCatalogController {/api/v1/role-templates/:roleTemplateId/store-types/available}:[39m[38;5;3m +0ms[39m
[32m[Nest] 19608  - [39m09/28/2026, 8:17:50 PM [32m    LOG[39m [38;5;3m[RouterExplorer] [39m[32mMapped {/api/v1/role-templates/:roleTemplateId/store-types/available, GET} route[39m[38;5;3m +1ms[39m
[32m[Nest] 19608  - [39m09/28/2026, 8:17:50 PM [32m    LOG[39m [38;5;3m[RoutesResolver] [39m[32mRoleTemplateStoreTypeCatalogController {/api/v1/role_templates/:roleTemplateId/store-types/available}:[39m[38;5;3m +0ms[39m
[32m[Nest] 19608  - [39m09/28/2026, 8:17:50 PM [32m    LOG[39m [38;5;3m[RouterExplorer] [39m[32mMapped {/api/v1/role_templates/:roleTemplateId/store-types/available, GET} route[39m[38;5;3m +0ms[39m
[32m[Nest] 19608  - [39m09/28/2026, 8:17:50 PM [32m    LOG[39m [38;5;3m[RoutesResolver] [39m[32mRoleTemplateStoreTypeCatalogController {/connector/api/v1/role-templates/:roleTemplateId/store-types/available}:[39m[38;5;3m +0ms[39m
[32m[Nest] 19608  - [39m09/28/2026, 8:17:50 PM [32m    LOG[39m [38;5;3m[RouterExplorer] [39m[32mMapped {/connector/api/v1/role-templates/:roleTemplateId/store-types/available, GET} route[39m[38;5;3m +1ms[39m
[32m[Nest] 19608  - [39m09/28/2026, 8:17:50 PM [32m    LOG[39m [38;5;3m[RoutesResolver] [39m[32mRoleTemplateStoreTypeCatalogController {/connector/api/v1/role_templates/:roleTemplateId/store-types/available}:[39m[38;5;3m +0ms[39m
[32m[Nest] 19608  - [39m09/28/2026, 8:17:50 PM [32m    LOG[39m [38;5;3m[RouterExplorer] [39m[32mMapped {/connector/api/v1/role_templates/:roleTemplateId/store-types/available, GET} route[39m[38;5;3m +0ms[39m
[32m[Nest] 19608  - [39m09/28/2026, 8:17:50 PM [32m    LOG[39m [38;5;3m[RoutesResolver] [39m[32mRoleTemplateStoreTypeBulkController {/api/v1/role-templates/:roleTemplateId/store-types/bulk}:[39m[38;5;3m +0ms[39m
[32m[Nest] 19608  - [39m09/28/2026, 8:17:50 PM [32m    LOG[39m [38;5;3m[RouterExplorer] [39m[32mMapped {/api/v1/role-templates/:roleTemplateId/store-types/bulk, PUT} route[39m[38;5;3m +1ms[39m
[32m[Nest] 19608  - [39m09/28/2026, 8:17:50 PM [32m    LOG[39m [38;5;3m[RouterExplorer] [39m[32mMapped {/api/v1/role-templates/:roleTemplateId/store-types/bulk, POST} route[39m[38;5;3m +0ms[39m
[32m[Nest] 19608  - [39m09/28/2026, 8:17:50 PM [32m    LOG[39m [38;5;3m[RoutesResolver] [39m[32mRoleTemplateStoreTypeBulkController {/api/v1/role_templates/:roleTemplateId/store-types/bulk}:[39m[38;5;3m +0ms[39m
[32m[Nest] 19608  - [39m09/28/2026, 8:17:50 PM [32m    LOG[39m [38;5;3m[RouterExplorer] [39m[32mMapped {/api/v1/role_templates/:roleTemplateId/store-types/bulk, PUT} route[39m[38;5;3m +0ms[39m
[32m[Nest] 19608  - [39m09/28/2026, 8:17:50 PM [32m    LOG[39m [38;5;3m[RouterExplorer] [39m[32mMapped {/api/v1/role_templates/:roleTemplateId/store-types/bulk, POST} route[39m[38;5;3m +1ms[39m
[32m[Nest] 19608  - [39m09/28/2026, 8:17:50 PM [32m    LOG[39m [38;5;3m[RoutesResolver] [39m[32mRoleTemplateFeatureAccessController {/api/v1/role-templates/:roleTemplateId/features}:[39m[38;5;3m +0ms[39m
[32m[Nest] 19608  - [39m09/28/2026, 8:17:50 PM [32m    LOG[39m [38;5;3m[RouterExplorer] [39m[32mMapped {/api/v1/role-templates/:roleTemplateId/features, GET} route[39m[38;5;3m +0ms[39m
[32m[Nest] 19608  - [39m09/28/2026, 8:17:50 PM [32m    LOG[39m [38;5;3m[RoutesResolver] [39m[32mRoleTemplateFeatureAccessController {/api/v1/role_templates/:roleTemplateId/features}:[39m[38;5;3m +0ms[39m
[32m[Nest] 19608  - [39m09/28/2026, 8:17:50 PM [32m    LOG[39m [38;5;3m[RouterExplorer] [39m[32mMapped {/api/v1/role_templates/:roleTemplateId/features, GET} route[39m[38;5;3m +0ms[39m
[32m[Nest] 19608  - [39m09/28/2026, 8:17:50 PM [32m    LOG[39m [38;5;3m[RoutesResolver] [39m[32mRoleTemplateFeatureAccessController {/connector/api/v1/role-templates/:roleTemplateId/features}:[39m[38;5;3m +0ms[39m
[32m[Nest] 19608  - [39m09/28/2026, 8:17:50 PM [32m    LOG[39m [38;5;3m[RouterExplorer] [39m[32mMapped {/connector/api/v1/role-templates/:roleTemplateId/features, GET} route[39m[38;5;3m +1ms[39m
[32m[Nest] 19608  - [39m09/28/2026, 8:17:50 PM [32m    LOG[39m [38;5;3m[RoutesResolver] [39m[32mRoleTemplateFeatureAccessController {/connector/api/v1/role_templates/:roleTemplateId/features}:[39m[38;5;3m +0ms[39m
[32m[Nest] 19608  - [39m09/28/2026, 8:17:50 PM [32m    LOG[39m [38;5;3m[RouterExplorer] [39m[32mMapped {/connector/api/v1/role_templates/:roleTemplateId/features, GET} route[39m[38;5;3m +0ms[39m
[32m[Nest] 19608  - [39m09/28/2026, 8:17:50 PM [32m    LOG[39m [38;5;3m[RoutesResolver] [39m[32mRoleTemplatePermissionsReplaceController {/api/v1/role-templates/:roleTemplateId/permissions}:[39m[38;5;3m +0ms[39m
[32m[Nest] 19608  - [39m09/28/2026, 8:17:50 PM [32m    LOG[39m [38;5;3m[RouterExplorer] [39m[32mMapped {/api/v1/role-templates/:roleTemplateId/permissions/bulk, PUT} route[39m[38;5;3m +1ms[39m
[32m[Nest] 19608  - [39m09/28/2026, 8:17:50 PM [32m    LOG[39m [38;5;3m[RoutesResolver] [39m[32mRoleTemplatePermissionsReplaceController {/connector/api/v1/role-templates/:roleTemplateId/permissions}:[39m[38;5;3m +0ms[39m
[32m[Nest] 19608  - [39m09/28/2026, 8:17:50 PM [32m    LOG[39m [38;5;3m[RouterExplorer] [39m[32mMapped {/connector/api/v1/role-templates/:roleTemplateId/permissions/bulk, PUT} route[39m[38;5;3m +0ms[39m
[32m[Nest] 19608  - [39m09/28/2026, 8:17:50 PM [32m    LOG[39m [38;5;3m[RoutesResolver] [39m[32mRoleTemplatePermissionsReplaceController {/role-templates/:roleTemplateId/permissions}:[39m[38;5;3m +0ms[39m
[32m[Nest] 19608  - [39m09/28/2026, 8:17:50 PM [32m    LOG[39m [38;5;3m[RouterExplorer] [39m[32mMapped {/role-templates/:roleTemplateId/permissions/bulk, PUT} route[39m[38;5;3m +1ms[39m
[32m[Nest] 19608  - [39m09/28/2026, 8:17:50 PM [32m    LOG[39m [38;5;3m[RoutesResolver] [39m[32mEmployeeController {/api/v1/merchants/employees}:[39m[38;5;3m +0ms[39m
[32m[Nest] 19608  - [39m09/28/2026, 8:17:50 PM [32m    LOG[39m [38;5;3m[RouterExplorer] [39m[32mMapped {/api/v1/merchants/employees, GET} route[39m[38;5;3m +0ms[39m
[32m[Nest] 19608  - [39m09/28/2026, 8:17:50 PM [32m    LOG[39m [38;5;3m[RouterExplorer] [39m[32mMapped {/api/v1/merchants/employees/:idOrCode, GET} route[39m[38;5;3m +0ms[39m
[32m[Nest] 19608  - [39m09/28/2026, 8:17:50 PM [32m    LOG[39m [38;5;3m[RouterExplorer] [39m[32mMapped {/api/v1/merchants/employees, POST} route[39m[38;5;3m +0ms[39m
[32m[Nest] 19608  - [39m09/28/2026, 8:17:50 PM [32m    LOG[39m [38;5;3m[RouterExplorer] [39m[32mMapped {/api/v1/merchants/employees/:idOrCode, PUT} route[39m[38;5;3m +1ms[39m
[32m[Nest] 19608  - [39m09/28/2026, 8:17:50 PM [32m    LOG[39m [38;5;3m[RouterExplorer] [39m[32mMapped {/api/v1/merchants/employees/:idOrCode, PATCH} route[39m[38;5;3m +0ms[39m
[32m[Nest] 19608  - [39m09/28/2026, 8:17:50 PM [32m    LOG[39m [38;5;3m[RouterExplorer] [39m[32mMapped {/api/v1/merchants/employees/:idOrCode/profile-image, POST} route[39m[38;5;3m +0ms[39m
[32m[Nest] 19608  - [39m09/28/2026, 8:17:50 PM [32m    LOG[39m [38;5;3m[RouterExplorer] [39m[32mMapped {/api/v1/merchants/employees/:idOrCode/profile-image, DELETE} route[39m[38;5;3m +1ms[39m
[32m[Nest] 19608  - [39m09/28/2026, 8:17:50 PM [32m    LOG[39m [38;5;3m[RouterExplorer] [39m[32mMapped {/api/v1/merchants/employees/:idOrCode, DELETE} route[39m[38;5;3m +0ms[39m
[32m[Nest] 19608  - [39m09/28/2026, 8:17:50 PM [32m    LOG[39m [38;5;3m[RoutesResolver] [39m[32mEmployeeController {/api/v1/employees}:[39m[38;5;3m +0ms[39m
[32m[Nest] 19608  - [39m09/28/2026, 8:17:50 PM [32m    LOG[39m [38;5;3m[RouterExplorer] [39m[32mMapped {/api/v1/employees, GET} route[39m[38;5;3m +0ms[39m
[32m[Nest] 19608  - [39m09/28/2026, 8:17:50 PM [32m    LOG[39m [38;5;3m[RouterExplorer] [39m[32mMapped {/api/v1/employees/:idOrCode, GET} route[39m[38;5;3m +1ms[39m
[32m[Nest] 19608  - [39m09/28/2026, 8:17:50 PM [32m    LOG[39m [38;5;3m[RouterExplorer] [39m[32mMapped {/api/v1/employees, POST} route[39m[38;5;3m +0ms[39m
[32m[Nest] 19608  - [39m09/28/2026, 8:17:50 PM [32m    LOG[39m [38;5;3m[RouterExplorer] [39m[32mMapped {/api/v1/employees/:idOrCode, PUT} route[39m[38;5;3m +0ms[39m
[32m[Nest] 19608  - [39m09/28/2026, 8:17:50 PM [32m    LOG[39m [38;5;3m[RouterExplorer] [39m[32mMapped {/api/v1/employees/:idOrCode, PATCH} route[39m[38;5;3m +0ms[39m
[32m[Nest] 19608  - [39m09/28/2026, 8:17:50 PM [32m    LOG[39m [38;5;3m[RouterExplorer] [39m[32mMapped {/api/v1/employees/:idOrCode/profile-image, POST} route[39m[38;5;3m +1ms[39m
[32m[Nest] 19608  - [39m09/28/2026, 8:17:50 PM [32m    LOG[39m [38;5;3m[RouterExplorer] [39m[32mMapped {/api/v1/employees/:idOrCode/profile-image, DELETE} route[39m[38;5;3m +0ms[39m
[32m[Nest] 19608  - [39m09/28/2026, 8:17:50 PM [32m    LOG[39m [38;5;3m[RouterExplorer] [39m[32mMapped {/api/v1/employees/:idOrCode, DELETE} route[39m[38;5;3m +0ms[39m
[32m[Nest] 19608  - [39m09/28/2026, 8:17:50 PM [32m    LOG[39m [38;5;3m[RoutesResolver] [39m[32mEmployeeController {/connector/api/v1/employees}:[39m[38;5;3m +0ms[39m
[32m[Nest] 19608  - [39m09/28/2026, 8:17:50 PM [32m    LOG[39m [38;5;3m[RouterExplorer] [39m[32mMapped {/connector/api/v1/employees, GET} route[39m[38;5;3m +0ms[39m
[32m[Nest] 19608  - [39m09/28/2026, 8:17:50 PM [32m    LOG[39m [38;5;3m[RouterExplorer] [39m[32mMapped {/connector/api/v1/employees/:idOrCode, GET} route[39m[38;5;3m +1ms[39m
[32m[Nest] 19608  - [39m09/28/2026, 8:17:50 PM [32m    LOG[39m [38;5;3m[RouterExplorer] [39m[32mMapped {/connector/api/v1/employees, POST} route[39m[38;5;3m +0ms[39m
[32m[Nest] 19608  - [39m09/28/2026, 8:17:50 PM [32m    LOG[39m [38;5;3m[RouterExplorer] [39m[32mMapped {/connector/api/v1/employees/:idOrCode, PUT} route[39m[38;5;3m +0ms[39m
[32m[Nest] 19608  - [39m09/28/2026, 8:17:50 PM [32m    LOG[39m [38;5;3m[RouterExplorer] [39m[32mMapped {/connector/api/v1/employees/:idOrCode, PATCH} route[39m[38;5;3m +0ms[39m
[32m[Nest] 19608  - [39m09/28/2026, 8:17:50 PM [32m    LOG[39m [38;5;3m[RouterExplorer] [39m[32mMapped {/connector/api/v1/employees/:idOrCode/profile-image, POST} route[39m[38;5;3m +0ms[39m
[32m[Nest] 19608  - [39m09/28/2026, 8:17:50 PM [32m    LOG[39m [38;5;3m[RouterExplorer] [39m[32mMapped {/connector/api/v1/employees/:idOrCode/profile-image, DELETE} route[39m[38;5;3m +1ms[39m
[32m[Nest] 19608  - [39m09/28/2026, 8:17:50 PM [32m    LOG[39m [38;5;3m[RouterExplorer] [39m[32mMapped {/connector/api/v1/employees/:idOrCode, DELETE} route[39m[38;5;3m +0ms[39m
[32m[Nest] 19608  - [39m09/28/2026, 8:17:50 PM [32m    LOG[39m [38;5;3m[RoutesResolver] [39m[32mMerchantEmployeeController {/api/v1/merchants/:merchantId/employees}:[39m[38;5;3m +0ms[39m
[32m[Nest] 19608  - [39m09/28/2026, 8:17:50 PM [32m    LOG[39m [38;5;3m[RouterExplorer] [39m[32mMapped {/api/v1/merchants/:merchantId/employees, GET} route[39m[38;5;3m +3ms[39m
[32m[Nest] 19608  - [39m09/28/2026, 8:17:50 PM [32m    LOG[39m [38;5;3m[RouterExplorer] [39m[32mMapped {/api/v1/merchants/:merchantId/employees/:idOrCode, GET} route[39m[38;5;3m +0ms[39m
[32m[Nest] 19608  - [39m09/28/2026, 8:17:50 PM [32m    LOG[39m [38;5;3m[RouterExplorer] [39m[32mMapped {/api/v1/merchants/:merchantId/employees, POST} route[39m[38;5;3m +1ms[39m
[32m[Nest] 19608  - [39m09/28/2026, 8:17:50 PM [32m    LOG[39m [38;5;3m[RouterExplorer] [39m[32mMapped {/api/v1/merchants/:merchantId/employees/:idOrCode, PUT} route[39m[38;5;3m +0ms[39m
[32m[Nest] 19608  - [39m09/28/2026, 8:17:50 PM [32m    LOG[39m [38;5;3m[RouterExplorer] [39m[32mMapped {/api/v1/merchants/:merchantId/employees/:idOrCode, PATCH} route[39m[38;5;3m +1ms[39m
[32m[Nest] 19608  - [39m09/28/2026, 8:17:50 PM [32m    LOG[39m [38;5;3m[RouterExplorer] [39m[32mMapped {/api/v1/merchants/:merchantId/employees/:idOrCode/profile-image, POST} route[39m[38;5;3m +1ms[39m
[32m[Nest] 19608  - [39m09/28/2026, 8:17:50 PM [32m    LOG[39m [38;5;3m[RouterExplorer] [39m[32mMapped {/api/v1/merchants/:merchantId/employees/:idOrCode/profile-image, DELETE} route[39m[38;5;3m +0ms[39m
[32m[Nest] 19608  - [39m09/28/2026, 8:17:50 PM [32m    LOG[39m [38;5;3m[RouterExplorer] [39m[32mMapped {/api/v1/merchants/:merchantId/employees/:idOrCode, DELETE} route[39m[38;5;3m +1ms[39m
[32m[Nest] 19608  - [39m09/28/2026, 8:17:50 PM [32m    LOG[39m [38;5;3m[RoutesResolver] [39m[32mMerchantEmployeeController {/connector/api/v1/merchants/:merchantId/employees}:[39m[38;5;3m +0ms[39m
[32m[Nest] 19608  - [39m09/28/2026, 8:17:50 PM [32m    LOG[39m [38;5;3m[RouterExplorer] [39m[32mMapped {/connector/api/v1/merchants/:merchantId/employees, GET} route[39m[38;5;3m +1ms[39m
[32m[Nest] 19608  - [39m09/28/2026, 8:17:50 PM [32m    LOG[39m [38;5;3m[RouterExplorer] [39m[32mMapped {/connector/api/v1/merchants/:merchantId/employees/:idOrCode, GET} route[39m[38;5;3m +0ms[39m
[32m[Nest] 19608  - [39m09/28/2026, 8:17:50 PM [32m    LOG[39m [38;5;3m[RouterExplorer] [39m[32mMapped {/connector/api/v1/merchants/:merchantId/employees, POST} route[39m[38;5;3m +1ms[39m
[32m[Nest] 19608  - [39m09/28/2026, 8:17:50 PM [32m    LOG[39m [38;5;3m[RouterExplorer] [39m[32mMapped {/connector/api/v1/merchants/:merchantId/employees/:idOrCode, PUT} route[39m[38;5;3m +0ms[39m
[32m[Nest] 19608  - [39m09/28/2026, 8:17:50 PM [32m    LOG[39m [38;5;3m[RouterExplorer] [39m[32mMapped {/connector/api/v1/merchants/:merchantId/employees/:idOrCode, PATCH} route[39m[38;5;3m +0ms[39m
[32m[Nest] 19608  - [39m09/28/2026, 8:17:50 PM [32m    LOG[39m [38;5;3m[RouterExplorer] [39m[32mMapped {/connector/api/v1/merchants/:merchantId/employees/:idOrCode/profile-image, POST} route[39m[38;5;3m +1ms[39m
[32m[Nest] 19608  - [39m09/28/2026, 8:17:50 PM [32m    LOG[39m [38;5;3m[RouterExplorer] [39m[32mMapped {/connector/api/v1/merchants/:merchantId/employees/:idOrCode/profile-image, DELETE} route[39m[38;5;3m +0ms[39m
[32m[Nest] 19608  - [39m09/28/2026, 8:17:50 PM [32m    LOG[39m [38;5;3m[RouterExplorer] [39m[32mMapped {/connector/api/v1/merchants/:merchantId/employees/:idOrCode, DELETE} route[39m[38;5;3m +1ms[39m
[32m[Nest] 19608  - [39m09/28/2026, 8:17:50 PM [32m    LOG[39m [38;5;3m[RoutesResolver] [39m[32mEmployeeAccessController {/api/v1/merchants/employees/:employeeId/stores/:storeId/effective-access}:[39m[38;5;3m +0ms[39m
[32m[Nest] 19608  - [39m09/28/2026, 8:17:50 PM [32m    LOG[39m [38;5;3m[RouterExplorer] [39m[32mMapped {/api/v1/merchants/employees/:employeeId/stores/:storeId/effective-access, GET} route[39m[38;5;3m +0ms[39m
[32m[Nest] 19608  - [39m09/28/2026, 8:17:50 PM [32m    LOG[39m [38;5;3m[RoutesResolver] [39m[32mEmployeeStoreRoleCatalogController {/api/v1/merchants/employees/stores/:storeId/roles/available}:[39m[38;5;3m +0ms[39m
[32m[Nest] 19608  - [39m09/28/2026, 8:17:50 PM [32m    LOG[39m [38;5;3m[RouterExplorer] [39m[32mMapped {/api/v1/merchants/employees/stores/:storeId/roles/available, GET} route[39m[38;5;3m +0ms[39m
[32m[Nest] 19608  - [39m09/28/2026, 8:17:50 PM [32m    LOG[39m [38;5;3m[RoutesResolver] [39m[32mMerchantRoleTemplateController {/api/v1/merchants/:merchantId/role-templates}:[39m[38;5;3m +0ms[39m
[32m[Nest] 19608  - [39m09/28/2026, 8:17:50 PM [32m    LOG[39m [38;5;3m[RouterExplorer] [39m[32mMapped {/api/v1/merchants/:merchantId/role-templates, GET} route[39m[38;5;3m +1ms[39m
[32m[Nest] 19608  - [39m09/28/2026, 8:17:50 PM [32m    LOG[39m [38;5;3m[RouterExplorer] [39m[32mMapped {/api/v1/merchants/:merchantId/role-templates/available, GET} route[39m[38;5;3m +0ms[39m
[32m[Nest] 19608  - [39m09/28/2026, 8:17:50 PM [32m    LOG[39m [38;5;3m[RouterExplorer] [39m[32mMapped {/api/v1/merchants/:merchantId/role-templates/:idOrCode, GET} route[39m[38;5;3m +1ms[39m
[32m[Nest] 19608  - [39m09/28/2026, 8:17:50 PM [32m    LOG[39m [38;5;3m[RouterExplorer] [39m[32mMapped {/api/v1/merchants/:merchantId/role-templates, POST} route[39m[38;5;3m +0ms[39m
[32m[Nest] 19608  - [39m09/28/2026, 8:17:50 PM [32m    LOG[39m [38;5;3m[RouterExplorer] [39m[32mMapped {/api/v1/merchants/:merchantId/role-templates, PUT} route[39m[38;5;3m +0ms[39m
[32m[Nest] 19608  - [39m09/28/2026, 8:17:50 PM [32m    LOG[39m [38;5;3m[RouterExplorer] [39m[32mMapped {/api/v1/merchants/:merchantId/role-templates/:idOrCode, PUT} route[39m[38;5;3m +1ms[39m
[32m[Nest] 19608  - [39m09/28/2026, 8:17:50 PM [32m    LOG[39m [38;5;3m[RouterExplorer] [39m[32mMapped {/api/v1/merchants/:merchantId/role-templates/:idOrCode, PATCH} route[39m[38;5;3m +0ms[39m
[32m[Nest] 19608  - [39m09/28/2026, 8:17:50 PM [32m    LOG[39m [38;5;3m[RouterExplorer] [39m[32mMapped {/api/v1/merchants/:merchantId/role-templates/:idOrCode, DELETE} route[39m[38;5;3m +0ms[39m
[32m[Nest] 19608  - [39m09/28/2026, 8:17:50 PM [32m    LOG[39m [38;5;3m[RoutesResolver] [39m[32mMerchantRoleTemplateController {/connector/api/v1/merchants/:merchantId/role-templates}:[39m[38;5;3m +1ms[39m
[32m[Nest] 19608  - [39m09/28/2026, 8:17:50 PM [32m    LOG[39m [38;5;3m[RouterExplorer] [39m[32mMapped {/connector/api/v1/merchants/:merchantId/role-templates, GET} route[39m[38;5;3m +0ms[39m
[32m[Nest] 19608  - [39m09/28/2026, 8:17:50 PM [32m    LOG[39m [38;5;3m[RouterExplorer] [39m[32mMapped {/connector/api/v1/merchants/:merchantId/role-templates/available, GET} route[39m[38;5;3m +0ms[39m
[32m[Nest] 19608  - [39m09/28/2026, 8:17:50 PM [32m    LOG[39m [38;5;3m[RouterExplorer] [39m[32mMapped {/connector/api/v1/merchants/:merchantId/role-templates/:idOrCode, GET} route[39m[38;5;3m +1ms[39m
[32m[Nest] 19608  - [39m09/28/2026, 8:17:50 PM [32m    LOG[39m [38;5;3m[RouterExplorer] [39m[32mMapped {/connector/api/v1/merchants/:merchantId/role-templates, POST} route[39m[38;5;3m +0ms[39m
[32m[Nest] 19608  - [39m09/28/2026, 8:17:50 PM [32m    LOG[39m [38;5;3m[RouterExplorer] [39m[32mMapped {/connector/api/v1/merchants/:merchantId/role-templates, PUT} route[39m[38;5;3m +0ms[39m
[32m[Nest] 19608  - [39m09/28/2026, 8:17:50 PM [32m    LOG[39m [38;5;3m[RouterExplorer] [39m[32mMapped {/connector/api/v1/merchants/:merchantId/role-templates/:idOrCode, PUT} route[39m[38;5;3m +1ms[39m
[32m[Nest] 19608  - [39m09/28/2026, 8:17:50 PM [32m    LOG[39m [38;5;3m[RouterExplorer] [39m[32mMapped {/connector/api/v1/merchants/:merchantId/role-templates/:idOrCode, PATCH} route[39m[38;5;3m +0ms[39m
[32m[Nest] 19608  - [39m09/28/2026, 8:17:50 PM [32m    LOG[39m [38;5;3m[RouterExplorer] [39m[32mMapped {/connector/api/v1/merchants/:merchantId/role-templates/:idOrCode, DELETE} route[39m[38;5;3m +0ms[39m
[32m[Nest] 19608  - [39m09/28/2026, 8:17:50 PM [32m    LOG[39m [38;5;3m[RoutesResolver] [39m[32mRolePermissionController {/api/v1/merchants/:merchantId/stores/:storeId/roles/:roleId/permissions}:[39m[38;5;3m +0ms[39m
[32m[Nest] 19608  - [39m09/28/2026, 8:17:50 PM [32m    LOG[39m [38;5;3m[RouterExplorer] [39m[32mMapped {/api/v1/merchants/:merchantId/stores/:storeId/roles/:roleId/permissions, GET} route[39m[38;5;3m +1ms[39m
[32m[Nest] 19608  - [39m09/28/2026, 8:17:50 PM [32m    LOG[39m [38;5;3m[RouterExplorer] [39m[32mMapped {/api/v1/merchants/:merchantId/stores/:storeId/roles/:roleId/permissions/:permissionId, GET} route[39m[38;5;3m +0ms[39m
[32m[Nest] 19608  - [39m09/28/2026, 8:17:50 PM [32m    LOG[39m [38;5;3m[RouterExplorer] [39m[32mMapped {/api/v1/merchants/:merchantId/stores/:storeId/roles/:roleId/permissions, POST} route[39m[38;5;3m +0ms[39m
[32m[Nest] 19608  - [39m09/28/2026, 8:17:50 PM [32m    LOG[39m [38;5;3m[RouterExplorer] [39m[32mMapped {/api/v1/merchants/:merchantId/stores/:storeId/roles/:roleId/permissions/bulk, POST} route[39m[38;5;3m +1ms[39m
[32m[Nest] 19608  - [39m09/28/2026, 8:17:50 PM [32m    LOG[39m [38;5;3m[RouterExplorer] [39m[32mMapped {/api/v1/merchants/:merchantId/stores/:storeId/roles/:roleId/permissions/:permissionId, PUT} route[39m[38;5;3m +0ms[39m
[32m[Nest] 19608  - [39m09/28/2026, 8:17:50 PM [32m    LOG[39m [38;5;3m[RouterExplorer] [39m[32mMapped {/api/v1/merchants/:merchantId/stores/:storeId/roles/:roleId/permissions/:permissionId, PATCH} route[39m[38;5;3m +1ms[39m
[32m[Nest] 19608  - [39m09/28/2026, 8:17:50 PM [32m    LOG[39m [38;5;3m[RouterExplorer] [39m[32mMapped {/api/v1/merchants/:merchantId/stores/:storeId/roles/:roleId/permissions/:permissionId, DELETE} route[39m[38;5;3m +0ms[39m
[32m[Nest] 19608  - [39m09/28/2026, 8:17:50 PM [32m    LOG[39m [38;5;3m[RoutesResolver] [39m[32mStoreTypeFeaturesBulkController {/api/v1/store-types/:storeTypeId/features}:[39m[38;5;3m +0ms[39m
[32m[Nest] 19608  - [39m09/28/2026, 8:17:50 PM [32m    LOG[39m [38;5;3m[RouterExplorer] [39m[32mMapped {/api/v1/store-types/:storeTypeId/features/bulk, POST} route[39m[38;5;3m +0ms[39m
[32m[Nest] 19608  - [39m09/28/2026, 8:17:50 PM [32m    LOG[39m [38;5;3m[RoutesResolver] [39m[32mStoreTypeFeaturesBulkController {/connector/api/v1/store-types/:storeTypeId/features}:[39m[38;5;3m +1ms[39m
[32m[Nest] 19608  - [39m09/28/2026, 8:17:50 PM [32m    LOG[39m [38;5;3m[RouterExplorer] [39m[32mMapped {/connector/api/v1/store-types/:storeTypeId/features/bulk, POST} route[39m[38;5;3m +0ms[39m
[32m[Nest] 19608  - [39m09/28/2026, 8:17:50 PM [32m    LOG[39m [38;5;3m[RoutesResolver] [39m[32mStoreTypeFeaturesBulkController {/store-types/:storeTypeId/features}:[39m[38;5;3m +0ms[39m
[32m[Nest] 19608  - [39m09/28/2026, 8:17:50 PM [32m    LOG[39m [38;5;3m[RouterExplorer] [39m[32mMapped {/store-types/:storeTypeId/features/bulk, POST} route[39m[38;5;3m +0ms[39m
[32m[Nest] 19608  - [39m09/28/2026, 8:17:50 PM [32m    LOG[39m [38;5;3m[RoutesResolver] [39m[32mFeatureStoreTypesBulkController {/api/v1/features/:featureId/store-types}:[39m[38;5;3m +1ms[39m
[32m[Nest] 19608  - [39m09/28/2026, 8:17:50 PM [32m    LOG[39m [38;5;3m[RouterExplorer] [39m[32mMapped {/api/v1/features/:featureId/store-types/bulk, POST} route[39m[38;5;3m +0ms[39m
[32m[Nest] 19608  - [39m09/28/2026, 8:17:50 PM [32m    LOG[39m [38;5;3m[RoutesResolver] [39m[32mFeatureStoreTypesBulkController {/connector/api/v1/features/:featureId/store-types}:[39m[38;5;3m +0ms[39m
[32m[Nest] 19608  - [39m09/28/2026, 8:17:50 PM [32m    LOG[39m [38;5;3m[RouterExplorer] [39m[32mMapped {/connector/api/v1/features/:featureId/store-types/bulk, POST} route[39m[38;5;3m +1ms[39m
[32m[Nest] 19608  - [39m09/28/2026, 8:17:50 PM [32m    LOG[39m [38;5;3m[RoutesResolver] [39m[32mFeatureStoreTypesBulkController {/features/:featureId/store-types}:[39m[38;5;3m +0ms[39m
[32m[Nest] 19608  - [39m09/28/2026, 8:17:50 PM [32m    LOG[39m [38;5;3m[RouterExplorer] [39m[32mMapped {/features/:featureId/store-types/bulk, POST} route[39m[38;5;3m +0ms[39m
[32m[Nest] 19608  - [39m09/28/2026, 8:17:50 PM [32m    LOG[39m [38;5;3m[RoutesResolver] [39m[32mRoleTemplateStoreTypesBulkController {/api/v1/role-templates/:roleTemplateId/store-types}:[39m[38;5;3m +0ms[39m
[32m[Nest] 19608  - [39m09/28/2026, 8:17:50 PM [32m    LOG[39m [38;5;3m[RouterExplorer] [39m[32mMapped {/api/v1/role-templates/:roleTemplateId/store-types/bulk, POST} route[39m[38;5;3m +1ms[39m
[32m[Nest] 19608  - [39m09/28/2026, 8:17:50 PM [32m    LOG[39m [38;5;3m[RoutesResolver] [39m[32mRoleTemplateStoreTypesBulkController {/connector/api/v1/role-templates/:roleTemplateId/store-types}:[39m[38;5;3m +0ms[39m
[32m[Nest] 19608  - [39m09/28/2026, 8:17:50 PM [32m    LOG[39m [38;5;3m[RouterExplorer] [39m[32mMapped {/connector/api/v1/role-templates/:roleTemplateId/store-types/bulk, POST} route[39m[38;5;3m +0ms[39m
[32m[Nest] 19608  - [39m09/28/2026, 8:17:50 PM [32m    LOG[39m [38;5;3m[RoutesResolver] [39m[32mRoleTemplateStoreTypesBulkController {/role-templates/:roleTemplateId/store-types}:[39m[38;5;3m +0ms[39m
[32m[Nest] 19608  - [39m09/28/2026, 8:17:50 PM [32m    LOG[39m [38;5;3m[RouterExplorer] [39m[32mMapped {/role-templates/:roleTemplateId/store-types/bulk, POST} route[39m[38;5;3m +1ms[39m
[32m[Nest] 19608  - [39m09/28/2026, 8:17:50 PM [32m    LOG[39m [38;5;3m[RoutesResolver] [39m[32mPlanEntitlementsBulkController {/api/v1/plans/:planId/entitlements}:[39m[38;5;3m +0ms[39m
[32m[Nest] 19608  - [39m09/28/2026, 8:17:50 PM [32m    LOG[39m [38;5;3m[RouterExplorer] [39m[32mMapped {/api/v1/plans/:planId/entitlements/bulk, POST} route[39m[38;5;3m +0ms[39m
[32m[Nest] 19608  - [39m09/28/2026, 8:17:50 PM [32m    LOG[39m [38;5;3m[RoutesResolver] [39m[32mPlanEntitlementsBulkController {/connector/api/v1/plans/:planId/entitlements}:[39m[38;5;3m +0ms[39m
[32m[Nest] 19608  - [39m09/28/2026, 8:17:50 PM [32m    LOG[39m [38;5;3m[RouterExplorer] [39m[32mMapped {/connector/api/v1/plans/:planId/entitlements/bulk, POST} route[39m[38;5;3m +1ms[39m
[32m[Nest] 19608  - [39m09/28/2026, 8:17:50 PM [32m    LOG[39m [38;5;3m[RoutesResolver] [39m[32mPlanEntitlementsBulkController {/plans/:planId/entitlements}:[39m[38;5;3m +0ms[39m
[32m[Nest] 19608  - [39m09/28/2026, 8:17:50 PM [32m    LOG[39m [38;5;3m[RouterExplorer] [39m[32mMapped {/plans/:planId/entitlements/bulk, POST} route[39m[38;5;3m +0ms[39m
[32m[Nest] 19608  - [39m09/28/2026, 8:17:50 PM [32m    LOG[39m [38;5;3m[RoutesResolver] [39m[32mEmployeeStoresBulkController {/api/v1/merchants/employees/:employeeId/stores}:[39m[38;5;3m +0ms[39m
[32m[Nest] 19608  - [39m09/28/2026, 8:17:50 PM [32m    LOG[39m [38;5;3m[RouterExplorer] [39m[32mMapped {/api/v1/merchants/employees/:employeeId/stores/bulk, POST} route[39m[38;5;3m +0ms[39m
[32m[Nest] 19608  - [39m09/28/2026, 8:17:50 PM [32m    LOG[39m [38;5;3m[RoutesResolver] [39m[32mEmployeeStoresBulkController {/connector/api/v1/merchants/employees/:employeeId/stores}:[39m[38;5;3m +1ms[39m
[32m[Nest] 19608  - [39m09/28/2026, 8:17:50 PM [32m    LOG[39m [38;5;3m[RouterExplorer] [39m[32mMapped {/connector/api/v1/merchants/employees/:employeeId/stores/bulk, POST} route[39m[38;5;3m +0ms[39m
[32m[Nest] 19608  - [39m09/28/2026, 8:17:50 PM [32m    LOG[39m [38;5;3m[RoutesResolver] [39m[32mEmployeeStoresBulkController {/merchants/employees/:employeeId/stores}:[39m[38;5;3m +0ms[39m
[32m[Nest] 19608  - [39m09/28/2026, 8:17:50 PM [32m    LOG[39m [38;5;3m[RouterExplorer] [39m[32mMapped {/merchants/employees/:employeeId/stores/bulk, POST} route[39m[38;5;3m +0ms[39m
[32m[Nest] 19608  - [39m09/28/2026, 8:17:50 PM [32m    LOG[39m [38;5;3m[RoutesResolver] [39m[32mEmployeeStoreRolesBulkController {/api/v1/merchants/employees/employee-stores/:employeeStoreId/roles}:[39m[38;5;3m +0ms[39m
[32m[Nest] 19608  - [39m09/28/2026, 8:17:50 PM [32m    LOG[39m [38;5;3m[RouterExplorer] [39m[32mMapped {/api/v1/merchants/employees/employee-stores/:employeeStoreId/roles/bulk, POST} route[39m[38;5;3m +1ms[39m
[32m[Nest] 19608  - [39m09/28/2026, 8:17:50 PM [32m    LOG[39m [38;5;3m[RoutesResolver] [39m[32mEmployeeStoreRolesBulkController {/connector/api/v1/merchants/employees/employee-stores/:employeeStoreId/roles}:[39m[38;5;3m +0ms[39m
[32m[Nest] 19608  - [39m09/28/2026, 8:17:50 PM [32m    LOG[39m [38;5;3m[RouterExplorer] [39m[32mMapped {/connector/api/v1/merchants/employees/employee-stores/:employeeStoreId/roles/bulk, POST} route[39m[38;5;3m +0ms[39m
[32m[Nest] 19608  - [39m09/28/2026, 8:17:50 PM [32m    LOG[39m [38;5;3m[RoutesResolver] [39m[32mEmployeeStoreRolesBulkController {/merchants/employees/employee-stores/:employeeStoreId/roles}:[39m[38;5;3m +0ms[39m
[32m[Nest] 19608  - [39m09/28/2026, 8:17:50 PM [32m    LOG[39m [38;5;3m[RouterExplorer] [39m[32mMapped {/merchants/employees/employee-stores/:employeeStoreId/roles/bulk, POST} route[39m[38;5;3m +1ms[39m
[32m[Nest] 19608  - [39m09/28/2026, 8:17:50 PM [32m    LOG[39m [38;5;3m[RoutesResolver] [39m[32mRoleTemplatePermissionsBulkController {/api/v1/role-templates/:roleTemplateId/permissions}:[39m[38;5;3m +0ms[39m
[32m[Nest] 19608  - [39m09/28/2026, 8:17:50 PM [32m    LOG[39m [38;5;3m[RouterExplorer] [39m[32mMapped {/api/v1/role-templates/:roleTemplateId/permissions/bulk, POST} route[39m[38;5;3m +0ms[39m
[32m[Nest] 19608  - [39m09/28/2026, 8:17:50 PM [32m    LOG[39m [38;5;3m[RoutesResolver] [39m[32mRoleTemplatePermissionsBulkController {/connector/api/v1/role-templates/:roleTemplateId/permissions}:[39m[38;5;3m +0ms[39m
[32m[Nest] 19608  - [39m09/28/2026, 8:17:50 PM [32m    LOG[39m [38;5;3m[RouterExplorer] [39m[32mMapped {/connector/api/v1/role-templates/:roleTemplateId/permissions/bulk, POST} route[39m[38;5;3m +0ms[39m
[32m[Nest] 19608  - [39m09/28/2026, 8:17:50 PM [32m    LOG[39m [38;5;3m[RoutesResolver] [39m[32mRoleTemplatePermissionsBulkController {/role-templates/:roleTemplateId/permissions}:[39m[38;5;3m +1ms[39m
[32m[Nest] 19608  - [39m09/28/2026, 8:17:50 PM [32m    LOG[39m [38;5;3m[RouterExplorer] [39m[32mMapped {/role-templates/:roleTemplateId/permissions/bulk, POST} route[39m[38;5;3m +0ms[39m
[32m[Nest] 19608  - [39m09/28/2026, 8:17:50 PM [32m    LOG[39m [38;5;3m[RoutesResolver] [39m[32mStoreTypeFeaturesController {/api/v1/store-types/:storeTypeId/features}:[39m[38;5;3m +0ms[39m
[32m[Nest] 19608  - [39m09/28/2026, 8:17:50 PM [32m    LOG[39m [38;5;3m[RouterExplorer] [39m[32mMapped {/api/v1/store-types/:storeTypeId/features, GET} route[39m[38;5;3m +0ms[39m
[32m[Nest] 19608  - [39m09/28/2026, 8:17:50 PM [32m    LOG[39m [38;5;3m[RouterExplorer] [39m[32mMapped {/api/v1/store-types/:storeTypeId/features/:relatedId, GET} route[39m[38;5;3m +0ms[39m
[32m[Nest] 19608  - [39m09/28/2026, 8:17:50 PM [32m    LOG[39m [38;5;3m[RouterExplorer] [39m[32mMapped {/api/v1/store-types/:storeTypeId/features, POST} route[39m[38;5;3m +1ms[39m
[32m[Nest] 19608  - [39m09/28/2026, 8:17:50 PM [32m    LOG[39m [38;5;3m[RouterExplorer] [39m[32mMapped {/api/v1/store-types/:storeTypeId/features/:relatedId, PUT} route[39m[38;5;3m +0ms[39m
[32m[Nest] 19608  - [39m09/28/2026, 8:17:50 PM [32m    LOG[39m [38;5;3m[RouterExplorer] [39m[32mMapped {/api/v1/store-types/:storeTypeId/features/:relatedId, PATCH} route[39m[38;5;3m +0ms[39m
[32m[Nest] 19608  - [39m09/28/2026, 8:17:50 PM [32m    LOG[39m [38;5;3m[RouterExplorer] [39m[32mMapped {/api/v1/store-types/:storeTypeId/features/:relatedId, DELETE} route[39m[38;5;3m +0ms[39m
[32m[Nest] 19608  - [39m09/28/2026, 8:17:50 PM [32m    LOG[39m [38;5;3m[RoutesResolver] [39m[32mStoreTypeFeaturesController {/connector/api/v1/store-types/:storeTypeId/features}:[39m[38;5;3m +0ms[39m
[32m[Nest] 19608  - [39m09/28/2026, 8:17:50 PM [32m    LOG[39m [38;5;3m[RouterExplorer] [39m[32mMapped {/connector/api/v1/store-types/:storeTypeId/features, GET} route[39m[38;5;3m +1ms[39m
[32m[Nest] 19608  - [39m09/28/2026, 8:17:50 PM [32m    LOG[39m [38;5;3m[RouterExplorer] [39m[32mMapped {/connector/api/v1/store-types/:storeTypeId/features/:relatedId, GET} route[39m[38;5;3m +0ms[39m
[32m[Nest] 19608  - [39m09/28/2026, 8:17:50 PM [32m    LOG[39m [38;5;3m[RouterExplorer] [39m[32mMapped {/connector/api/v1/store-types/:storeTypeId/features, POST} route[39m[38;5;3m +0ms[39m
[32m[Nest] 19608  - [39m09/28/2026, 8:17:50 PM [32m    LOG[39m [38;5;3m[RouterExplorer] [39m[32mMapped {/connector/api/v1/store-types/:storeTypeId/features/:relatedId, PUT} route[39m[38;5;3m +0ms[39m
[32m[Nest] 19608  - [39m09/28/2026, 8:17:50 PM [32m    LOG[39m [38;5;3m[RouterExplorer] [39m[32mMapped {/connector/api/v1/store-types/:storeTypeId/features/:relatedId, PATCH} route[39m[38;5;3m +1ms[39m
[32m[Nest] 19608  - [39m09/28/2026, 8:17:50 PM [32m    LOG[39m [38;5;3m[RouterExplorer] [39m[32mMapped {/connector/api/v1/store-types/:storeTypeId/features/:relatedId, DELETE} route[39m[38;5;3m +0ms[39m
[32m[Nest] 19608  - [39m09/28/2026, 8:17:50 PM [32m    LOG[39m [38;5;3m[RoutesResolver] [39m[32mStoreTypeFeaturesController {/store-types/:storeTypeId/features}:[39m[38;5;3m +0ms[39m
[32m[Nest] 19608  - [39m09/28/2026, 8:17:50 PM [32m    LOG[39m [38;5;3m[RouterExplorer] [39m[32mMapped {/store-types/:storeTypeId/features, GET} route[39m[38;5;3m +0ms[39m
[32m[Nest] 19608  - [39m09/28/2026, 8:17:50 PM [32m    LOG[39m [38;5;3m[RouterExplorer] [39m[32mMapped {/store-types/:storeTypeId/features/:relatedId, GET} route[39m[38;5;3m +0ms[39m
[32m[Nest] 19608  - [39m09/28/2026, 8:17:50 PM [32m    LOG[39m [38;5;3m[RouterExplorer] [39m[32mMapped {/store-types/:storeTypeId/features, POST} route[39m[38;5;3m +0ms[39m
[32m[Nest] 19608  - [39m09/28/2026, 8:17:50 PM [32m    LOG[39m [38;5;3m[RouterExplorer] [39m[32mMapped {/store-types/:storeTypeId/features/:relatedId, PUT} route[39m[38;5;3m +1ms[39m
[32m[Nest] 19608  - [39m09/28/2026, 8:17:50 PM [32m    LOG[39m [38;5;3m[RouterExplorer] [39m[32mMapped {/store-types/:storeTypeId/features/:relatedId, PATCH} route[39m[38;5;3m +0ms[39m
[32m[Nest] 19608  - [39m09/28/2026, 8:17:50 PM [32m    LOG[39m [38;5;3m[RouterExplorer] [39m[32mMapped {/store-types/:storeTypeId/features/:relatedId, DELETE} route[39m[38;5;3m +0ms[39m
[32m[Nest] 19608  - [39m09/28/2026, 8:17:50 PM [32m    LOG[39m [38;5;3m[RoutesResolver] [39m[32mFeatureStoreTypesController {/api/v1/features/:featureId/store-types}:[39m[38;5;3m +0ms[39m
[32m[Nest] 19608  - [39m09/28/2026, 8:17:50 PM [32m    LOG[39m [38;5;3m[RouterExplorer] [39m[32mMapped {/api/v1/features/:featureId/store-types, GET} route[39m[38;5;3m +0ms[39m
[32m[Nest] 19608  - [39m09/28/2026, 8:17:50 PM [32m    LOG[39m [38;5;3m[RouterExplorer] [39m[32mMapped {/api/v1/features/:featureId/store-types/:relatedId, GET} route[39m[38;5;3m +1ms[39m
[32m[Nest] 19608  - [39m09/28/2026, 8:17:50 PM [32m    LOG[39m [38;5;3m[RouterExplorer] [39m[32mMapped {/api/v1/features/:featureId/store-types, POST} route[39m[38;5;3m +0ms[39m
[32m[Nest] 19608  - [39m09/28/2026, 8:17:50 PM [32m    LOG[39m [38;5;3m[RouterExplorer] [39m[32mMapped {/api/v1/features/:featureId/store-types/:relatedId, PUT} route[39m[38;5;3m +0ms[39m
[32m[Nest] 19608  - [39m09/28/2026, 8:17:50 PM [32m    LOG[39m [38;5;3m[RouterExplorer] [39m[32mMapped {/api/v1/features/:featureId/store-types/:relatedId, PATCH} route[39m[38;5;3m +0ms[39m
[32m[Nest] 19608  - [39m09/28/2026, 8:17:50 PM [32m    LOG[39m [38;5;3m[RouterExplorer] [39m[32mMapped {/api/v1/features/:featureId/store-types/:relatedId, DELETE} route[39m[38;5;3m +0ms[39m
[32m[Nest] 19608  - [39m09/28/2026, 8:17:50 PM [32m    LOG[39m [38;5;3m[RoutesResolver] [39m[32mFeatureStoreTypesController {/connector/api/v1/features/:featureId/store-types}:[39m[38;5;3m +1ms[39m
[32m[Nest] 19608  - [39m09/28/2026, 8:17:50 PM [32m    LOG[39m [38;5;3m[RouterExplorer] [39m[32mMapped {/connector/api/v1/features/:featureId/store-types, GET} route[39m[38;5;3m +0ms[39m
[32m[Nest] 19608  - [39m09/28/2026, 8:17:50 PM [32m    LOG[39m [38;5;3m[RouterExplorer] [39m[32mMapped {/connector/api/v1/features/:featureId/store-types/:relatedId, GET} route[39m[38;5;3m +0ms[39m
[32m[Nest] 19608  - [39m09/28/2026, 8:17:50 PM [32m    LOG[39m [38;5;3m[RouterExplorer] [39m[32mMapped {/connector/api/v1/features/:featureId/store-types, POST} route[39m[38;5;3m +0ms[39m
[32m[Nest] 19608  - [39m09/28/2026, 8:17:50 PM [32m    LOG[39m [38;5;3m[RouterExplorer] [39m[32mMapped {/connector/api/v1/features/:featureId/store-types/:relatedId, PUT} route[39m[38;5;3m +0ms[39m
[32m[Nest] 19608  - [39m09/28/2026, 8:17:50 PM [32m    LOG[39m [38;5;3m[RouterExplorer] [39m[32mMapped {/connector/api/v1/features/:featureId/store-types/:relatedId, PATCH} route[39m[38;5;3m +0ms[39m
[32m[Nest] 19608  - [39m09/28/2026, 8:17:50 PM [32m    LOG[39m [38;5;3m[RouterExplorer] [39m[32mMapped {/connector/api/v1/features/:featureId/store-types/:relatedId, DELETE} route[39m[38;5;3m +0ms[39m
[32m[Nest] 19608  - [39m09/28/2026, 8:17:50 PM [32m    LOG[39m [38;5;3m[RoutesResolver] [39m[32mFeatureStoreTypesController {/features/:featureId/store-types}:[39m[38;5;3m +0ms[39m
[32m[Nest] 19608  - [39m09/28/2026, 8:17:50 PM [32m    LOG[39m [38;5;3m[RouterExplorer] [39m[32mMapped {/features/:featureId/store-types, GET} route[39m[38;5;3m +0ms[39m
[32m[Nest] 19608  - [39m09/28/2026, 8:17:50 PM [32m    LOG[39m [38;5;3m[RouterExplorer] [39m[32mMapped {/features/:featureId/store-types/:relatedId, GET} route[39m[38;5;3m +0ms[39m
[32m[Nest] 19608  - [39m09/28/2026, 8:17:50 PM [32m    LOG[39m [38;5;3m[RouterExplorer] [39m[32mMapped {/features/:featureId/store-types, POST} route[39m[38;5;3m +0ms[39m
[32m[Nest] 19608  - [39m09/28/2026, 8:17:50 PM [32m    LOG[39m [38;5;3m[RouterExplorer] [39m[32mMapped {/features/:featureId/store-types/:relatedId, PUT} route[39m[38;5;3m +1ms[39m
[32m[Nest] 19608  - [39m09/28/2026, 8:17:50 PM [32m    LOG[39m [38;5;3m[RouterExplorer] [39m[32mMapped {/features/:featureId/store-types/:relatedId, PATCH} route[39m[38;5;3m +0ms[39m
[32m[Nest] 19608  - [39m09/28/2026, 8:17:50 PM [32m    LOG[39m [38;5;3m[RouterExplorer] [39m[32mMapped {/features/:featureId/store-types/:relatedId, DELETE} route[39m[38;5;3m +0ms[39m
[32m[Nest] 19608  - [39m09/28/2026, 8:17:50 PM [32m    LOG[39m [38;5;3m[RoutesResolver] [39m[32mRoleTemplateStoreTypesController {/api/v1/role-templates/:roleTemplateId/store-types}:[39m[38;5;3m +1ms[39m
[32m[Nest] 19608  - [39m09/28/2026, 8:17:50 PM [32m    LOG[39m [38;5;3m[RouterExplorer] [39m[32mMapped {/api/v1/role-templates/:roleTemplateId/store-types, GET} route[39m[38;5;3m +0ms[39m
[32m[Nest] 19608  - [39m09/28/2026, 8:17:50 PM [32m    LOG[39m [38;5;3m[RouterExplorer] [39m[32mMapped {/api/v1/role-templates/:roleTemplateId/store-types/:relatedId, GET} route[39m[38;5;3m +0ms[39m
[32m[Nest] 19608  - [39m09/28/2026, 8:17:50 PM [32m    LOG[39m [38;5;3m[RouterExplorer] [39m[32mMapped {/api/v1/role-templates/:roleTemplateId/store-types, POST} route[39m[38;5;3m +1ms[39m
[32m[Nest] 19608  - [39m09/28/2026, 8:17:50 PM [32m    LOG[39m [38;5;3m[RouterExplorer] [39m[32mMapped {/api/v1/role-templates/:roleTemplateId/store-types/:relatedId, PUT} route[39m[38;5;3m +0ms[39m
[32m[Nest] 19608  - [39m09/28/2026, 8:17:50 PM [32m    LOG[39m [38;5;3m[RouterExplorer] [39m[32mMapped {/api/v1/role-templates/:roleTemplateId/store-types/:relatedId, PATCH} route[39m[38;5;3m +0ms[39m
[32m[Nest] 19608  - [39m09/28/2026, 8:17:50 PM [32m    LOG[39m [38;5;3m[RouterExplorer] [39m[32mMapped {/api/v1/role-templates/:roleTemplateId/store-types/:relatedId, DELETE} route[39m[38;5;3m +1ms[39m
[32m[Nest] 19608  - [39m09/28/2026, 8:17:50 PM [32m    LOG[39m [38;5;3m[RoutesResolver] [39m[32mRoleTemplateStoreTypesController {/connector/api/v1/role-templates/:roleTemplateId/store-types}:[39m[38;5;3m +0ms[39m
[32m[Nest] 19608  - [39m09/28/2026, 8:17:50 PM [32m    LOG[39m [38;5;3m[RouterExplorer] [39m[32mMapped {/connector/api/v1/role-templates/:roleTemplateId/store-types, GET} route[39m[38;5;3m +0ms[39m
[32m[Nest] 19608  - [39m09/28/2026, 8:17:50 PM [32m    LOG[39m [38;5;3m[RouterExplorer] [39m[32mMapped {/connector/api/v1/role-templates/:roleTemplateId/store-types/:relatedId, GET} route[39m[38;5;3m +1ms[39m
[32m[Nest] 19608  - [39m09/28/2026, 8:17:50 PM [32m    LOG[39m [38;5;3m[RouterExplorer] [39m[32mMapped {/connector/api/v1/role-templates/:roleTemplateId/store-types, POST} route[39m[38;5;3m +0ms[39m
[32m[Nest] 19608  - [39m09/28/2026, 8:17:50 PM [32m    LOG[39m [38;5;3m[RouterExplorer] [39m[32mMapped {/connector/api/v1/role-templates/:roleTemplateId/store-types/:relatedId, PUT} route[39m[38;5;3m +0ms[39m
[32m[Nest] 19608  - [39m09/28/2026, 8:17:50 PM [32m    LOG[39m [38;5;3m[RouterExplorer] [39m[32mMapped {/connector/api/v1/role-templates/:roleTemplateId/store-types/:relatedId, PATCH} route[39m[38;5;3m +0ms[39m
[32m[Nest] 19608  - [39m09/28/2026, 8:17:50 PM [32m    LOG[39m [38;5;3m[RouterExplorer] [39m[32mMapped {/connector/api/v1/role-templates/:roleTemplateId/store-types/:relatedId, DELETE} route[39m[38;5;3m +1ms[39m
[32m[Nest] 19608  - [39m09/28/2026, 8:17:50 PM [32m    LOG[39m [38;5;3m[RoutesResolver] [39m[32mRoleTemplateStoreTypesController {/role-templates/:roleTemplateId/store-types}:[39m[38;5;3m +0ms[39m
[32m[Nest] 19608  - [39m09/28/2026, 8:17:50 PM [32m    LOG[39m [38;5;3m[RouterExplorer] [39m[32mMapped {/role-templates/:roleTemplateId/store-types, GET} route[39m[38;5;3m +0ms[39m
[32m[Nest] 19608  - [39m09/28/2026, 8:17:50 PM [32m    LOG[39m [38;5;3m[RouterExplorer] [39m[32mMapped {/role-templates/:roleTemplateId/store-types/:relatedId, GET} route[39m[38;5;3m +1ms[39m
[32m[Nest] 19608  - [39m09/28/2026, 8:17:50 PM [32m    LOG[39m [38;5;3m[RouterExplorer] [39m[32mMapped {/role-templates/:roleTemplateId/store-types, POST} route[39m[38;5;3m +0ms[39m
[32m[Nest] 19608  - [39m09/28/2026, 8:17:50 PM [32m    LOG[39m [38;5;3m[RouterExplorer] [39m[32mMapped {/role-templates/:roleTemplateId/store-types/:relatedId, PUT} route[39m[38;5;3m +0ms[39m
[32m[Nest] 19608  - [39m09/28/2026, 8:17:50 PM [32m    LOG[39m [38;5;3m[RouterExplorer] [39m[32mMapped {/role-templates/:roleTemplateId/store-types/:relatedId, PATCH} route[39m[38;5;3m +1ms[39m
[32m[Nest] 19608  - [39m09/28/2026, 8:17:50 PM [32m    LOG[39m [38;5;3m[RouterExplorer] [39m[32mMapped {/role-templates/:roleTemplateId/store-types/:relatedId, DELETE} route[39m[38;5;3m +0ms[39m
[32m[Nest] 19608  - [39m09/28/2026, 8:17:50 PM [32m    LOG[39m [38;5;3m[RoutesResolver] [39m[32mPlanEntitlementsController {/api/v1/plans/:planId/entitlements}:[39m[38;5;3m +0ms[39m
[32m[Nest] 19608  - [39m09/28/2026, 8:17:50 PM [32m    LOG[39m [38;5;3m[RouterExplorer] [39m[32mMapped {/api/v1/plans/:planId/entitlements, GET} route[39m[38;5;3m +0ms[39m
[32m[Nest] 19608  - [39m09/28/2026, 8:17:50 PM [32m    LOG[39m [38;5;3m[RouterExplorer] [39m[32mMapped {/api/v1/plans/:planId/entitlements/:relatedId, GET} route[39m[38;5;3m +1ms[39m
[32m[Nest] 19608  - [39m09/28/2026, 8:17:50 PM [32m    LOG[39m [38;5;3m[RouterExplorer] [39m[32mMapped {/api/v1/plans/:planId/entitlements, POST} route[39m[38;5;3m +5ms[39m
[32m[Nest] 19608  - [39m09/28/2026, 8:17:50 PM [32m    LOG[39m [38;5;3m[RouterExplorer] [39m[32mMapped {/api/v1/plans/:planId/entitlements/:relatedId, PUT} route[39m[38;5;3m +1ms[39m
[32m[Nest] 19608  - [39m09/28/2026, 8:17:50 PM [32m    LOG[39m [38;5;3m[RouterExplorer] [39m[32mMapped {/api/v1/plans/:planId/entitlements/:relatedId, PATCH} route[39m[38;5;3m +0ms[39m
[32m[Nest] 19608  - [39m09/28/2026, 8:17:50 PM [32m    LOG[39m [38;5;3m[RouterExplorer] [39m[32mMapped {/api/v1/plans/:planId/entitlements/:relatedId, DELETE} route[39m[38;5;3m +1ms[39m
[32m[Nest] 19608  - [39m09/28/2026, 8:17:50 PM [32m    LOG[39m [38;5;3m[RoutesResolver] [39m[32mPlanEntitlementsController {/connector/api/v1/plans/:planId/entitlements}:[39m[38;5;3m +0ms[39m
[32m[Nest] 19608  - [39m09/28/2026, 8:17:50 PM [32m    LOG[39m [38;5;3m[RouterExplorer] [39m[32mMapped {/connector/api/v1/plans/:planId/entitlements, GET} route[39m[38;5;3m +0ms[39m
[32m[Nest] 19608  - [39m09/28/2026, 8:17:50 PM [32m    LOG[39m [38;5;3m[RouterExplorer] [39m[32mMapped {/connector/api/v1/plans/:planId/entitlements/:relatedId, GET} route[39m[38;5;3m +0ms[39m
[32m[Nest] 19608  - [39m09/28/2026, 8:17:50 PM [32m    LOG[39m [38;5;3m[RouterExplorer] [39m[32mMapped {/connector/api/v1/plans/:planId/entitlements, POST} route[39m[38;5;3m +1ms[39m
[32m[Nest] 19608  - [39m09/28/2026, 8:17:50 PM [32m    LOG[39m [38;5;3m[RouterExplorer] [39m[32mMapped {/connector/api/v1/plans/:planId/entitlements/:relatedId, PUT} route[39m[38;5;3m +0ms[39m
[32m[Nest] 19608  - [39m09/28/2026, 8:17:50 PM [32m    LOG[39m [38;5;3m[RouterExplorer] [39m[32mMapped {/connector/api/v1/plans/:planId/entitlements/:relatedId, PATCH} route[39m[38;5;3m +0ms[39m
[32m[Nest] 19608  - [39m09/28/2026, 8:17:50 PM [32m    LOG[39m [38;5;3m[RouterExplorer] [39m[32mMapped {/connector/api/v1/plans/:planId/entitlements/:relatedId, DELETE} route[39m[38;5;3m +0ms[39m
[32m[Nest] 19608  - [39m09/28/2026, 8:17:50 PM [32m    LOG[39m [38;5;3m[RoutesResolver] [39m[32mPlanEntitlementsController {/plans/:planId/entitlements}:[39m[38;5;3m +1ms[39m
[32m[Nest] 19608  - [39m09/28/2026, 8:17:50 PM [32m    LOG[39m [38;5;3m[RouterExplorer] [39m[32mMapped {/plans/:planId/entitlements, GET} route[39m[38;5;3m +0ms[39m
[32m[Nest] 19608  - [39m09/28/2026, 8:17:50 PM [32m    LOG[39m [38;5;3m[RouterExplorer] [39m[32mMapped {/plans/:planId/entitlements/:relatedId, GET} route[39m[38;5;3m +0ms[39m
[32m[Nest] 19608  - [39m09/28/2026, 8:17:50 PM [32m    LOG[39m [38;5;3m[RouterExplorer] [39m[32mMapped {/plans/:planId/entitlements, POST} route[39m[38;5;3m +1ms[39m
[32m[Nest] 19608  - [39m09/28/2026, 8:17:50 PM [32m    LOG[39m [38;5;3m[RouterExplorer] [39m[32mMapped {/plans/:planId/entitlements/:relatedId, PUT} route[39m[38;5;3m +0ms[39m
[32m[Nest] 19608  - [39m09/28/2026, 8:17:50 PM [32m    LOG[39m [38;5;3m[RouterExplorer] [39m[32mMapped {/plans/:planId/entitlements/:relatedId, PATCH} route[39m[38;5;3m +0ms[39m
[32m[Nest] 19608  - [39m09/28/2026, 8:17:50 PM [32m    LOG[39m [38;5;3m[RouterExplorer] [39m[32mMapped {/plans/:planId/entitlements/:relatedId, DELETE} route[39m[38;5;3m +1ms[39m
[32m[Nest] 19608  - [39m09/28/2026, 8:17:50 PM [32m    LOG[39m [38;5;3m[RoutesResolver] [39m[32mSubscriptionStoresController {/api/v1/merchants/:merchantId/subscriptions/:subscriptionId/stores}:[39m[38;5;3m +0ms[39m
[32m[Nest] 19608  - [39m09/28/2026, 8:17:50 PM [32m    LOG[39m [38;5;3m[RouterExplorer] [39m[32mMapped {/api/v1/merchants/:merchantId/subscriptions/:subscriptionId/stores, GET} route[39m[38;5;3m +0ms[39m
[32m[Nest] 19608  - [39m09/28/2026, 8:17:50 PM [32m    LOG[39m [38;5;3m[RouterExplorer] [39m[32mMapped {/api/v1/merchants/:merchantId/subscriptions/:subscriptionId/stores/:relatedId, GET} route[39m[38;5;3m +0ms[39m
[32m[Nest] 19608  - [39m09/28/2026, 8:17:50 PM [32m    LOG[39m [38;5;3m[RouterExplorer] [39m[32mMapped {/api/v1/merchants/:merchantId/subscriptions/:subscriptionId/stores, POST} route[39m[38;5;3m +0ms[39m
[32m[Nest] 19608  - [39m09/28/2026, 8:17:50 PM [32m    LOG[39m [38;5;3m[RouterExplorer] [39m[32mMapped {/api/v1/merchants/:merchantId/subscriptions/:subscriptionId/stores/:relatedId, PUT} route[39m[38;5;3m +1ms[39m
[32m[Nest] 19608  - [39m09/28/2026, 8:17:50 PM [32m    LOG[39m [38;5;3m[RouterExplorer] [39m[32mMapped {/api/v1/merchants/:merchantId/subscriptions/:subscriptionId/stores/:relatedId, PATCH} route[39m[38;5;3m +0ms[39m
[32m[Nest] 19608  - [39m09/28/2026, 8:17:50 PM [32m    LOG[39m [38;5;3m[RouterExplorer] [39m[32mMapped {/api/v1/merchants/:merchantId/subscriptions/:subscriptionId/stores/:relatedId, DELETE} route[39m[38;5;3m +0ms[39m
[32m[Nest] 19608  - [39m09/28/2026, 8:17:50 PM [32m    LOG[39m [38;5;3m[RoutesResolver] [39m[32mSubscriptionStoresController {/connector/api/v1/merchants/:merchantId/subscriptions/:subscriptionId/stores}:[39m[38;5;3m +0ms[39m
[32m[Nest] 19608  - [39m09/28/2026, 8:17:50 PM [32m    LOG[39m [38;5;3m[RouterExplorer] [39m[32mMapped {/connector/api/v1/merchants/:merchantId/subscriptions/:subscriptionId/stores, GET} route[39m[38;5;3m +1ms[39m
[32m[Nest] 19608  - [39m09/28/2026, 8:17:50 PM [32m    LOG[39m [38;5;3m[RouterExplorer] [39m[32mMapped {/connector/api/v1/merchants/:merchantId/subscriptions/:subscriptionId/stores/:relatedId, GET} route[39m[38;5;3m +0ms[39m
[32m[Nest] 19608  - [39m09/28/2026, 8:17:50 PM [32m    LOG[39m [38;5;3m[RouterExplorer] [39m[32mMapped {/connector/api/v1/merchants/:merchantId/subscriptions/:subscriptionId/stores, POST} route[39m[38;5;3m +0ms[39m
[32m[Nest] 19608  - [39m09/28/2026, 8:17:50 PM [32m    LOG[39m [38;5;3m[RouterExplorer] [39m[32mMapped {/connector/api/v1/merchants/:merchantId/subscriptions/:subscriptionId/stores/:relatedId, PUT} route[39m[38;5;3m +0ms[39m
[32m[Nest] 19608  - [39m09/28/2026, 8:17:50 PM [32m    LOG[39m [38;5;3m[RouterExplorer] [39m[32mMapped {/connector/api/v1/merchants/:merchantId/subscriptions/:subscriptionId/stores/:relatedId, PATCH} route[39m[38;5;3m +0ms[39m
[32m[Nest] 19608  - [39m09/28/2026, 8:17:50 PM [32m    LOG[39m [38;5;3m[RouterExplorer] [39m[32mMapped {/connector/api/v1/merchants/:merchantId/subscriptions/:subscriptionId/stores/:relatedId, DELETE} route[39m[38;5;3m +1ms[39m
[32m[Nest] 19608  - [39m09/28/2026, 8:17:50 PM [32m    LOG[39m [38;5;3m[RoutesResolver] [39m[32mSubscriptionStoresController {/merchants/:merchantId/subscriptions/:subscriptionId/stores}:[39m[38;5;3m +0ms[39m
[32m[Nest] 19608  - [39m09/28/2026, 8:17:50 PM [32m    LOG[39m [38;5;3m[RouterExplorer] [39m[32mMapped {/merchants/:merchantId/subscriptions/:subscriptionId/stores, GET} route[39m[38;5;3m +0ms[39m
[32m[Nest] 19608  - [39m09/28/2026, 8:17:50 PM [32m    LOG[39m [38;5;3m[RouterExplorer] [39m[32mMapped {/merchants/:merchantId/subscriptions/:subscriptionId/stores/:relatedId, GET} route[39m[38;5;3m +0ms[39m
[32m[Nest] 19608  - [39m09/28/2026, 8:17:50 PM [32m    LOG[39m [38;5;3m[RouterExplorer] [39m[32mMapped {/merchants/:merchantId/subscriptions/:subscriptionId/stores, POST} route[39m[38;5;3m +0ms[39m
[32m[Nest] 19608  - [39m09/28/2026, 8:17:50 PM [32m    LOG[39m [38;5;3m[RouterExplorer] [39m[32mMapped {/merchants/:merchantId/subscriptions/:subscriptionId/stores/:relatedId, PUT} route[39m[38;5;3m +1ms[39m
[32m[Nest] 19608  - [39m09/28/2026, 8:17:50 PM [32m    LOG[39m [38;5;3m[RouterExplorer] [39m[32mMapped {/merchants/:merchantId/subscriptions/:subscriptionId/stores/:relatedId, PATCH} route[39m[38;5;3m +0ms[39m
[32m[Nest] 19608  - [39m09/28/2026, 8:17:50 PM [32m    LOG[39m [38;5;3m[RouterExplorer] [39m[32mMapped {/merchants/:merchantId/subscriptions/:subscriptionId/stores/:relatedId, DELETE} route[39m[38;5;3m +0ms[39m
[32m[Nest] 19608  - [39m09/28/2026, 8:17:50 PM [32m    LOG[39m [38;5;3m[RoutesResolver] [39m[32mSubscriptionEntitlementsController {/api/v1/merchants/:merchantId/subscriptions/:subscriptionId/entitlements}:[39m[38;5;3m +0ms[39m
[32m[Nest] 19608  - [39m09/28/2026, 8:17:50 PM [32m    LOG[39m [38;5;3m[RouterExplorer] [39m[32mMapped {/api/v1/merchants/:merchantId/subscriptions/:subscriptionId/entitlements, GET} route[39m[38;5;3m +0ms[39m
[32m[Nest] 19608  - [39m09/28/2026, 8:17:50 PM [32m    LOG[39m [38;5;3m[RouterExplorer] [39m[32mMapped {/api/v1/merchants/:merchantId/subscriptions/:subscriptionId/entitlements/:relatedId, GET} route[39m[38;5;3m +1ms[39m
[32m[Nest] 19608  - [39m09/28/2026, 8:17:50 PM [32m    LOG[39m [38;5;3m[RouterExplorer] [39m[32mMapped {/api/v1/merchants/:merchantId/subscriptions/:subscriptionId/entitlements, POST} route[39m[38;5;3m +0ms[39m
[32m[Nest] 19608  - [39m09/28/2026, 8:17:50 PM [32m    LOG[39m [38;5;3m[RouterExplorer] [39m[32mMapped {/api/v1/merchants/:merchantId/subscriptions/:subscriptionId/entitlements/:relatedId, PUT} route[39m[38;5;3m +0ms[39m
[32m[Nest] 19608  - [39m09/28/2026, 8:17:50 PM [32m    LOG[39m [38;5;3m[RouterExplorer] [39m[32mMapped {/api/v1/merchants/:merchantId/subscriptions/:subscriptionId/entitlements/:relatedId, PATCH} route[39m[38;5;3m +0ms[39m
[32m[Nest] 19608  - [39m09/28/2026, 8:17:50 PM [32m    LOG[39m [38;5;3m[RouterExplorer] [39m[32mMapped {/api/v1/merchants/:merchantId/subscriptions/:subscriptionId/entitlements/:relatedId, DELETE} route[39m[38;5;3m +0ms[39m
[32m[Nest] 19608  - [39m09/28/2026, 8:17:50 PM [32m    LOG[39m [38;5;3m[RoutesResolver] [39m[32mSubscriptionEntitlementsController {/connector/api/v1/merchants/:merchantId/subscriptions/:subscriptionId/entitlements}:[39m[38;5;3m +1ms[39m
[32m[Nest] 19608  - [39m09/28/2026, 8:17:50 PM [32m    LOG[39m [38;5;3m[RouterExplorer] [39m[32mMapped {/connector/api/v1/merchants/:merchantId/subscriptions/:subscriptionId/entitlements, GET} route[39m[38;5;3m +0ms[39m
[32m[Nest] 19608  - [39m09/28/2026, 8:17:50 PM [32m    LOG[39m [38;5;3m[RouterExplorer] [39m[32mMapped {/connector/api/v1/merchants/:merchantId/subscriptions/:subscriptionId/entitlements/:relatedId, GET} route[39m[38;5;3m +0ms[39m
[32m[Nest] 19608  - [39m09/28/2026, 8:17:50 PM [32m    LOG[39m [38;5;3m[RouterExplorer] [39m[32mMapped {/connector/api/v1/merchants/:merchantId/subscriptions/:subscriptionId/entitlements, POST} route[39m[38;5;3m +0ms[39m
[32m[Nest] 19608  - [39m09/28/2026, 8:17:50 PM [32m    LOG[39m [38;5;3m[RouterExplorer] [39m[32mMapped {/connector/api/v1/merchants/:merchantId/subscriptions/:subscriptionId/entitlements/:relatedId, PUT} route[39m[38;5;3m +0ms[39m
[32m[Nest] 19608  - [39m09/28/2026, 8:17:50 PM [32m    LOG[39m [38;5;3m[RouterExplorer] [39m[32mMapped {/connector/api/v1/merchants/:merchantId/subscriptions/:subscriptionId/entitlements/:relatedId, PATCH} route[39m[38;5;3m +0ms[39m
[32m[Nest] 19608  - [39m09/28/2026, 8:17:50 PM [32m    LOG[39m [38;5;3m[RouterExplorer] [39m[32mMapped {/connector/api/v1/merchants/:merchantId/subscriptions/:subscriptionId/entitlements/:relatedId, DELETE} route[39m[38;5;3m +1ms[39m
[32m[Nest] 19608  - [39m09/28/2026, 8:17:50 PM [32m    LOG[39m [38;5;3m[RoutesResolver] [39m[32mSubscriptionEntitlementsController {/merchants/:merchantId/subscriptions/:subscriptionId/entitlements}:[39m[38;5;3m +0ms[39m
[32m[Nest] 19608  - [39m09/28/2026, 8:17:50 PM [32m    LOG[39m [38;5;3m[RouterExplorer] [39m[32mMapped {/merchants/:merchantId/subscriptions/:subscriptionId/entitlements, GET} route[39m[38;5;3m +0ms[39m
[32m[Nest] 19608  - [39m09/28/2026, 8:17:50 PM [32m    LOG[39m [38;5;3m[RouterExplorer] [39m[32mMapped {/merchants/:merchantId/subscriptions/:subscriptionId/entitlements/:relatedId, GET} route[39m[38;5;3m +0ms[39m
[32m[Nest] 19608  - [39m09/28/2026, 8:17:50 PM [32m    LOG[39m [38;5;3m[RouterExplorer] [39m[32mMapped {/merchants/:merchantId/subscriptions/:subscriptionId/entitlements, POST} route[39m[38;5;3m +0ms[39m
[32m[Nest] 19608  - [39m09/28/2026, 8:17:50 PM [32m    LOG[39m [38;5;3m[RouterExplorer] [39m[32mMapped {/merchants/:merchantId/subscriptions/:subscriptionId/entitlements/:relatedId, PUT} route[39m[38;5;3m +1ms[39m
[32m[Nest] 19608  - [39m09/28/2026, 8:17:50 PM [32m    LOG[39m [38;5;3m[RouterExplorer] [39m[32mMapped {/merchants/:merchantId/subscriptions/:subscriptionId/entitlements/:relatedId, PATCH} route[39m[38;5;3m +0ms[39m
[32m[Nest] 19608  - [39m09/28/2026, 8:17:50 PM [32m    LOG[39m [38;5;3m[RouterExplorer] [39m[32mMapped {/merchants/:merchantId/subscriptions/:subscriptionId/entitlements/:relatedId, DELETE} route[39m[38;5;3m +0ms[39m
[32m[Nest] 19608  - [39m09/28/2026, 8:17:50 PM [32m    LOG[39m [38;5;3m[RoutesResolver] [39m[32mStoreEntitlementsController {/api/v1/merchants/:merchantId/stores/:storeId/entitlements}:[39m[38;5;3m +0ms[39m
[32m[Nest] 19608  - [39m09/28/2026, 8:17:50 PM [32m    LOG[39m [38;5;3m[RouterExplorer] [39m[32mMapped {/api/v1/merchants/:merchantId/stores/:storeId/entitlements, GET} route[39m[38;5;3m +0ms[39m
[32m[Nest] 19608  - [39m09/28/2026, 8:17:50 PM [32m    LOG[39m [38;5;3m[RouterExplorer] [39m[32mMapped {/api/v1/merchants/:merchantId/stores/:storeId/entitlements/:relatedId, GET} route[39m[38;5;3m +0ms[39m
[32m[Nest] 19608  - [39m09/28/2026, 8:17:50 PM [32m    LOG[39m [38;5;3m[RouterExplorer] [39m[32mMapped {/api/v1/merchants/:merchantId/stores/:storeId/entitlements, POST} route[39m[38;5;3m +1ms[39m
[32m[Nest] 19608  - [39m09/28/2026, 8:17:50 PM [32m    LOG[39m [38;5;3m[RouterExplorer] [39m[32mMapped {/api/v1/merchants/:merchantId/stores/:storeId/entitlements/:relatedId, PUT} route[39m[38;5;3m +0ms[39m
[32m[Nest] 19608  - [39m09/28/2026, 8:17:50 PM [32m    LOG[39m [38;5;3m[RouterExplorer] [39m[32mMapped {/api/v1/merchants/:merchantId/stores/:storeId/entitlements/:relatedId, PATCH} route[39m[38;5;3m +0ms[39m
[32m[Nest] 19608  - [39m09/28/2026, 8:17:50 PM [32m    LOG[39m [38;5;3m[RouterExplorer] [39m[32mMapped {/api/v1/merchants/:merchantId/stores/:storeId/entitlements/:relatedId, DELETE} route[39m[38;5;3m +0ms[39m
[32m[Nest] 19608  - [39m09/28/2026, 8:17:50 PM [32m    LOG[39m [38;5;3m[RoutesResolver] [39m[32mStoreEntitlementsController {/connector/api/v1/merchants/:merchantId/stores/:storeId/entitlements}:[39m[38;5;3m +0ms[39m
[32m[Nest] 19608  - [39m09/28/2026, 8:17:50 PM [32m    LOG[39m [38;5;3m[RouterExplorer] [39m[32mMapped {/connector/api/v1/merchants/:merchantId/stores/:storeId/entitlements, GET} route[39m[38;5;3m +1ms[39m
[32m[Nest] 19608  - [39m09/28/2026, 8:17:50 PM [32m    LOG[39m [38;5;3m[RouterExplorer] [39m[32mMapped {/connector/api/v1/merchants/:merchantId/stores/:storeId/entitlements/:relatedId, GET} route[39m[38;5;3m +0ms[39m
[32m[Nest] 19608  - [39m09/28/2026, 8:17:50 PM [32m    LOG[39m [38;5;3m[RouterExplorer] [39m[32mMapped {/connector/api/v1/merchants/:merchantId/stores/:storeId/entitlements, POST} route[39m[38;5;3m +0ms[39m
[32m[Nest] 19608  - [39m09/28/2026, 8:17:50 PM [32m    LOG[39m [38;5;3m[RouterExplorer] [39m[32mMapped {/connector/api/v1/merchants/:merchantId/stores/:storeId/entitlements/:relatedId, PUT} route[39m[38;5;3m +0ms[39m
[32m[Nest] 19608  - [39m09/28/2026, 8:17:50 PM [32m    LOG[39m [38;5;3m[RouterExplorer] [39m[32mMapped {/connector/api/v1/merchants/:merchantId/stores/:storeId/entitlements/:relatedId, PATCH} route[39m[38;5;3m +0ms[39m
[32m[Nest] 19608  - [39m09/28/2026, 8:17:50 PM [32m    LOG[39m [38;5;3m[RouterExplorer] [39m[32mMapped {/connector/api/v1/merchants/:merchantId/stores/:storeId/entitlements/:relatedId, DELETE} route[39m[38;5;3m +0ms[39m
[32m[Nest] 19608  - [39m09/28/2026, 8:17:50 PM [32m    LOG[39m [38;5;3m[RoutesResolver] [39m[32mStoreEntitlementsController {/merchants/:merchantId/stores/:storeId/entitlements}:[39m[38;5;3m +1ms[39m
[32m[Nest] 19608  - [39m09/28/2026, 8:17:50 PM [32m    LOG[39m [38;5;3m[RouterExplorer] [39m[32mMapped {/merchants/:merchantId/stores/:storeId/entitlements, GET} route[39m[38;5;3m +0ms[39m
[32m[Nest] 19608  - [39m09/28/2026, 8:17:50 PM [32m    LOG[39m [38;5;3m[RouterExplorer] [39m[32mMapped {/merchants/:merchantId/stores/:storeId/entitlements/:relatedId, GET} route[39m[38;5;3m +0ms[39m
[32m[Nest] 19608  - [39m09/28/2026, 8:17:50 PM [32m    LOG[39m [38;5;3m[RouterExplorer] [39m[32mMapped {/merchants/:merchantId/stores/:storeId/entitlements, POST} route[39m[38;5;3m +0ms[39m
[32m[Nest] 19608  - [39m09/28/2026, 8:17:50 PM [32m    LOG[39m [38;5;3m[RouterExplorer] [39m[32mMapped {/merchants/:merchantId/stores/:storeId/entitlements/:relatedId, PUT} route[39m[38;5;3m +0ms[39m
[32m[Nest] 19608  - [39m09/28/2026, 8:17:50 PM [32m    LOG[39m [38;5;3m[RouterExplorer] [39m[32mMapped {/merchants/:merchantId/stores/:storeId/entitlements/:relatedId, PATCH} route[39m[38;5;3m +0ms[39m
[32m[Nest] 19608  - [39m09/28/2026, 8:17:50 PM [32m    LOG[39m [38;5;3m[RouterExplorer] [39m[32mMapped {/merchants/:merchantId/stores/:storeId/entitlements/:relatedId, DELETE} route[39m[38;5;3m +1ms[39m
[32m[Nest] 19608  - [39m09/28/2026, 8:17:50 PM [32m    LOG[39m [38;5;3m[RoutesResolver] [39m[32mEmployeeStoresController {/api/v1/merchants/employees/:employeeId/stores}:[39m[38;5;3m +0ms[39m
[32m[Nest] 19608  - [39m09/28/2026, 8:17:50 PM [32m    LOG[39m [38;5;3m[RouterExplorer] [39m[32mMapped {/api/v1/merchants/employees/:employeeId/stores, GET} route[39m[38;5;3m +0ms[39m
[32m[Nest] 19608  - [39m09/28/2026, 8:17:50 PM [32m    LOG[39m [38;5;3m[RouterExplorer] [39m[32mMapped {/api/v1/merchants/employees/:employeeId/stores/:relatedId, GET} route[39m[38;5;3m +0ms[39m
[32m[Nest] 19608  - [39m09/28/2026, 8:17:50 PM [32m    LOG[39m [38;5;3m[RouterExplorer] [39m[32mMapped {/api/v1/merchants/employees/:employeeId/stores, POST} route[39m[38;5;3m +0ms[39m
[32m[Nest] 19608  - [39m09/28/2026, 8:17:50 PM [32m    LOG[39m [38;5;3m[RouterExplorer] [39m[32mMapped {/api/v1/merchants/employees/:employeeId/stores/:relatedId, PUT} route[39m[38;5;3m +1ms[39m
[32m[Nest] 19608  - [39m09/28/2026, 8:17:50 PM [32m    LOG[39m [38;5;3m[RouterExplorer] [39m[32mMapped {/api/v1/merchants/employees/:employeeId/stores/:relatedId, PATCH} route[39m[38;5;3m +0ms[39m
[32m[Nest] 19608  - [39m09/28/2026, 8:17:50 PM [32m    LOG[39m [38;5;3m[RouterExplorer] [39m[32mMapped {/api/v1/merchants/employees/:employeeId/stores/:relatedId, DELETE} route[39m[38;5;3m +0ms[39m
[32m[Nest] 19608  - [39m09/28/2026, 8:17:50 PM [32m    LOG[39m [38;5;3m[RoutesResolver] [39m[32mEmployeeStoresController {/connector/api/v1/merchants/employees/:employeeId/stores}:[39m[38;5;3m +0ms[39m
[32m[Nest] 19608  - [39m09/28/2026, 8:17:50 PM [32m    LOG[39m [38;5;3m[RouterExplorer] [39m[32mMapped {/connector/api/v1/merchants/employees/:employeeId/stores, GET} route[39m[38;5;3m +0ms[39m
[32m[Nest] 19608  - [39m09/28/2026, 8:17:50 PM [32m    LOG[39m [38;5;3m[RouterExplorer] [39m[32mMapped {/connector/api/v1/merchants/employees/:employeeId/stores/:relatedId, GET} route[39m[38;5;3m +1ms[39m
[32m[Nest] 19608  - [39m09/28/2026, 8:17:50 PM [32m    LOG[39m [38;5;3m[RouterExplorer] [39m[32mMapped {/connector/api/v1/merchants/employees/:employeeId/stores, POST} route[39m[38;5;3m +0ms[39m
[32m[Nest] 19608  - [39m09/28/2026, 8:17:50 PM [32m    LOG[39m [38;5;3m[RouterExplorer] [39m[32mMapped {/connector/api/v1/merchants/employees/:employeeId/stores/:relatedId, PUT} route[39m[38;5;3m +0ms[39m
[32m[Nest] 19608  - [39m09/28/2026, 8:17:50 PM [32m    LOG[39m [38;5;3m[RouterExplorer] [39m[32mMapped {/connector/api/v1/merchants/employees/:employeeId/stores/:relatedId, PATCH} route[39m[38;5;3m +0ms[39m
[32m[Nest] 19608  - [39m09/28/2026, 8:17:50 PM [32m    LOG[39m [38;5;3m[RouterExplorer] [39m[32mMapped {/connector/api/v1/merchants/employees/:employeeId/stores/:relatedId, DELETE} route[39m[38;5;3m +0ms[39m
[32m[Nest] 19608  - [39m09/28/2026, 8:17:50 PM [32m    LOG[39m [38;5;3m[RoutesResolver] [39m[32mEmployeeStoresController {/merchants/employees/:employeeId/stores}:[39m[38;5;3m +1ms[39m
[32m[Nest] 19608  - [39m09/28/2026, 8:17:50 PM [32m    LOG[39m [38;5;3m[RouterExplorer] [39m[32mMapped {/merchants/employees/:employeeId/stores, GET} route[39m[38;5;3m +0ms[39m
[32m[Nest] 19608  - [39m09/28/2026, 8:17:50 PM [32m    LOG[39m [38;5;3m[RouterExplorer] [39m[32mMapped {/merchants/employees/:employeeId/stores/:relatedId, GET} route[39m[38;5;3m +0ms[39m
[32m[Nest] 19608  - [39m09/28/2026, 8:17:50 PM [32m    LOG[39m [38;5;3m[RouterExplorer] [39m[32mMapped {/merchants/employees/:employeeId/stores, POST} route[39m[38;5;3m +0ms[39m
[32m[Nest] 19608  - [39m09/28/2026, 8:17:50 PM [32m    LOG[39m [38;5;3m[RouterExplorer] [39m[32mMapped {/merchants/employees/:employeeId/stores/:relatedId, PUT} route[39m[38;5;3m +0ms[39m
[32m[Nest] 19608  - [39m09/28/2026, 8:17:50 PM [32m    LOG[39m [38;5;3m[RouterExplorer] [39m[32mMapped {/merchants/employees/:employeeId/stores/:relatedId, PATCH} route[39m[38;5;3m +0ms[39m
[32m[Nest] 19608  - [39m09/28/2026, 8:17:50 PM [32m    LOG[39m [38;5;3m[RouterExplorer] [39m[32mMapped {/merchants/employees/:employeeId/stores/:relatedId, DELETE} route[39m[38;5;3m +1ms[39m
[32m[Nest] 19608  - [39m09/28/2026, 8:17:50 PM [32m    LOG[39m [38;5;3m[RoutesResolver] [39m[32mEmployeeStoreRolesController {/api/v1/merchants/employees/employee-stores/:employeeStoreId/roles}:[39m[38;5;3m +0ms[39m
[32m[Nest] 19608  - [39m09/28/2026, 8:17:50 PM [32m    LOG[39m [38;5;3m[RouterExplorer] [39m[32mMapped {/api/v1/merchants/employees/employee-stores/:employeeStoreId/roles, GET} route[39m[38;5;3m +0ms[39m
[32m[Nest] 19608  - [39m09/28/2026, 8:17:50 PM [32m    LOG[39m [38;5;3m[RouterExplorer] [39m[32mMapped {/api/v1/merchants/employees/employee-stores/:employeeStoreId/roles/:relatedId, GET} route[39m[38;5;3m +0ms[39m
[32m[Nest] 19608  - [39m09/28/2026, 8:17:50 PM [32m    LOG[39m [38;5;3m[RouterExplorer] [39m[32mMapped {/api/v1/merchants/employees/employee-stores/:employeeStoreId/roles, POST} route[39m[38;5;3m +0ms[39m
[32m[Nest] 19608  - [39m09/28/2026, 8:17:50 PM [32m    LOG[39m [38;5;3m[RouterExplorer] [39m[32mMapped {/api/v1/merchants/employees/employee-stores/:employeeStoreId/roles/:relatedId, PUT} route[39m[38;5;3m +1ms[39m
[32m[Nest] 19608  - [39m09/28/2026, 8:17:50 PM [32m    LOG[39m [38;5;3m[RouterExplorer] [39m[32mMapped {/api/v1/merchants/employees/employee-stores/:employeeStoreId/roles/:relatedId, PATCH} route[39m[38;5;3m +0ms[39m
[32m[Nest] 19608  - [39m09/28/2026, 8:17:50 PM [32m    LOG[39m [38;5;3m[RouterExplorer] [39m[32mMapped {/api/v1/merchants/employees/employee-stores/:employeeStoreId/roles/:relatedId, DELETE} route[39m[38;5;3m +0ms[39m
[32m[Nest] 19608  - [39m09/28/2026, 8:17:50 PM [32m    LOG[39m [38;5;3m[RoutesResolver] [39m[32mEmployeeStoreRolesController {/connector/api/v1/merchants/employees/employee-stores/:employeeStoreId/roles}:[39m[38;5;3m +0ms[39m
[32m[Nest] 19608  - [39m09/28/2026, 8:17:50 PM [32m    LOG[39m [38;5;3m[RouterExplorer] [39m[32mMapped {/connector/api/v1/merchants/employees/employee-stores/:employeeStoreId/roles, GET} route[39m[38;5;3m +0ms[39m
[32m[Nest] 19608  - [39m09/28/2026, 8:17:50 PM [32m    LOG[39m [38;5;3m[RouterExplorer] [39m[32mMapped {/connector/api/v1/merchants/employees/employee-stores/:employeeStoreId/roles/:relatedId, GET} route[39m[38;5;3m +0ms[39m
[32m[Nest] 19608  - [39m09/28/2026, 8:17:50 PM [32m    LOG[39m [38;5;3m[RouterExplorer] [39m[32mMapped {/connector/api/v1/merchants/employees/employee-stores/:employeeStoreId/roles, POST} route[39m[38;5;3m +1ms[39m
[32m[Nest] 19608  - [39m09/28/2026, 8:17:50 PM [32m    LOG[39m [38;5;3m[RouterExplorer] [39m[32mMapped {/connector/api/v1/merchants/employees/employee-stores/:employeeStoreId/roles/:relatedId, PUT} route[39m[38;5;3m +0ms[39m
[32m[Nest] 19608  - [39m09/28/2026, 8:17:50 PM [32m    LOG[39m [38;5;3m[RouterExplorer] [39m[32mMapped {/connector/api/v1/merchants/employees/employee-stores/:employeeStoreId/roles/:relatedId, PATCH} route[39m[38;5;3m +0ms[39m
[32m[Nest] 19608  - [39m09/28/2026, 8:17:50 PM [32m    LOG[39m [38;5;3m[RouterExplorer] [39m[32mMapped {/connector/api/v1/merchants/employees/employee-stores/:employeeStoreId/roles/:relatedId, DELETE} route[39m[38;5;3m +0ms[39m
[32m[Nest] 19608  - [39m09/28/2026, 8:17:50 PM [32m    LOG[39m [38;5;3m[RoutesResolver] [39m[32mEmployeeStoreRolesController {/merchants/employees/employee-stores/:employeeStoreId/roles}:[39m[38;5;3m +0ms[39m
[32m[Nest] 19608  - [39m09/28/2026, 8:17:50 PM [32m    LOG[39m [38;5;3m[RouterExplorer] [39m[32mMapped {/merchants/employees/employee-stores/:employeeStoreId/roles, GET} route[39m[38;5;3m +1ms[39m
[32m[Nest] 19608  - [39m09/28/2026, 8:17:50 PM [32m    LOG[39m [38;5;3m[RouterExplorer] [39m[32mMapped {/merchants/employees/employee-stores/:employeeStoreId/roles/:relatedId, GET} route[39m[38;5;3m +0ms[39m
[32m[Nest] 19608  - [39m09/28/2026, 8:17:50 PM [32m    LOG[39m [38;5;3m[RouterExplorer] [39m[32mMapped {/merchants/employees/employee-stores/:employeeStoreId/roles, POST} route[39m[38;5;3m +1ms[39m
[32m[Nest] 19608  - [39m09/28/2026, 8:17:50 PM [32m    LOG[39m [38;5;3m[RouterExplorer] [39m[32mMapped {/merchants/employees/employee-stores/:employeeStoreId/roles/:relatedId, PUT} route[39m[38;5;3m +0ms[39m
[32m[Nest] 19608  - [39m09/28/2026, 8:17:50 PM [32m    LOG[39m [38;5;3m[RouterExplorer] [39m[32mMapped {/merchants/employees/employee-stores/:employeeStoreId/roles/:relatedId, PATCH} route[39m[38;5;3m +0ms[39m
[32m[Nest] 19608  - [39m09/28/2026, 8:17:50 PM [32m    LOG[39m [38;5;3m[RouterExplorer] [39m[32mMapped {/merchants/employees/employee-stores/:employeeStoreId/roles/:relatedId, DELETE} route[39m[38;5;3m +1ms[39m
[32m[Nest] 19608  - [39m09/28/2026, 8:17:50 PM [32m    LOG[39m [38;5;3m[RoutesResolver] [39m[32mRoleTemplatePermissionsController {/api/v1/role-templates/:roleTemplateId/permissions}:[39m[38;5;3m +0ms[39m
[32m[Nest] 19608  - [39m09/28/2026, 8:17:50 PM [32m    LOG[39m [38;5;3m[RouterExplorer] [39m[32mMapped {/api/v1/role-templates/:roleTemplateId/permissions, GET} route[39m[38;5;3m +0ms[39m
[32m[Nest] 19608  - [39m09/28/2026, 8:17:50 PM [32m    LOG[39m [38;5;3m[RouterExplorer] [39m[32mMapped {/api/v1/role-templates/:roleTemplateId/permissions/:relatedId, GET} route[39m[38;5;3m +1ms[39m
[32m[Nest] 19608  - [39m09/28/2026, 8:17:50 PM [32m    LOG[39m [38;5;3m[RouterExplorer] [39m[32mMapped {/api/v1/role-templates/:roleTemplateId/permissions, POST} route[39m[38;5;3m +0ms[39m
[32m[Nest] 19608  - [39m09/28/2026, 8:17:50 PM [32m    LOG[39m [38;5;3m[RouterExplorer] [39m[32mMapped {/api/v1/role-templates/:roleTemplateId/permissions/:relatedId, PUT} route[39m[38;5;3m +0ms[39m
[32m[Nest] 19608  - [39m09/28/2026, 8:17:50 PM [32m    LOG[39m [38;5;3m[RouterExplorer] [39m[32mMapped {/api/v1/role-templates/:roleTemplateId/permissions/:relatedId, PATCH} route[39m[38;5;3m +0ms[39m
[32m[Nest] 19608  - [39m09/28/2026, 8:17:50 PM [32m    LOG[39m [38;5;3m[RouterExplorer] [39m[32mMapped {/api/v1/role-templates/:roleTemplateId/permissions/:relatedId, DELETE} route[39m[38;5;3m +1ms[39m
[32m[Nest] 19608  - [39m09/28/2026, 8:17:50 PM [32m    LOG[39m [38;5;3m[RoutesResolver] [39m[32mRoleTemplatePermissionsController {/connector/api/v1/role-templates/:roleTemplateId/permissions}:[39m[38;5;3m +0ms[39m
[32m[Nest] 19608  - [39m09/28/2026, 8:17:50 PM [32m    LOG[39m [38;5;3m[RouterExplorer] [39m[32mMapped {/connector/api/v1/role-templates/:roleTemplateId/permissions, GET} route[39m[38;5;3m +0ms[39m
[32m[Nest] 19608  - [39m09/28/2026, 8:17:50 PM [32m    LOG[39m [38;5;3m[RouterExplorer] [39m[32mMapped {/connector/api/v1/role-templates/:roleTemplateId/permissions/:relatedId, GET} route[39m[38;5;3m +0ms[39m
[32m[Nest] 19608  - [39m09/28/2026, 8:17:50 PM [32m    LOG[39m [38;5;3m[RouterExplorer] [39m[32mMapped {/connector/api/v1/role-templates/:roleTemplateId/permissions, POST} route[39m[38;5;3m +0ms[39m
[32m[Nest] 19608  - [39m09/28/2026, 8:17:50 PM [32m    LOG[39m [38;5;3m[RouterExplorer] [39m[32mMapped {/connector/api/v1/role-templates/:roleTemplateId/permissions/:relatedId, PUT} route[39m[38;5;3m +0ms[39m
[32m[Nest] 19608  - [39m09/28/2026, 8:17:50 PM [32m    LOG[39m [38;5;3m[RouterExplorer] [39m[32mMapped {/connector/api/v1/role-templates/:roleTemplateId/permissions/:relatedId, PATCH} route[39m[38;5;3m +1ms[39m
[32m[Nest] 19608  - [39m09/28/2026, 8:17:50 PM [32m    LOG[39m [38;5;3m[RouterExplorer] [39m[32mMapped {/connector/api/v1/role-templates/:roleTemplateId/permissions/:relatedId, DELETE} route[39m[38;5;3m +0ms[39m
[32m[Nest] 19608  - [39m09/28/2026, 8:17:50 PM [32m    LOG[39m [38;5;3m[RoutesResolver] [39m[32mRoleTemplatePermissionsController {/role-templates/:roleTemplateId/permissions}:[39m[38;5;3m +0ms[39m
[32m[Nest] 19608  - [39m09/28/2026, 8:17:50 PM [32m    LOG[39m [38;5;3m[RouterExplorer] [39m[32mMapped {/role-templates/:roleTemplateId/permissions, GET} route[39m[38;5;3m +0ms[39m
[32m[Nest] 19608  - [39m09/28/2026, 8:17:50 PM [32m    LOG[39m [38;5;3m[RouterExplorer] [39m[32mMapped {/role-templates/:roleTemplateId/permissions/:relatedId, GET} route[39m[38;5;3m +0ms[39m
[32m[Nest] 19608  - [39m09/28/2026, 8:17:50 PM [32m    LOG[39m [38;5;3m[RouterExplorer] [39m[32mMapped {/role-templates/:roleTemplateId/permissions, POST} route[39m[38;5;3m +0ms[39m
[32m[Nest] 19608  - [39m09/28/2026, 8:17:50 PM [32m    LOG[39m [38;5;3m[RouterExplorer] [39m[32mMapped {/role-templates/:roleTemplateId/permissions/:relatedId, PUT} route[39m[38;5;3m +1ms[39m
[32m[Nest] 19608  - [39m09/28/2026, 8:17:50 PM [32m    LOG[39m [38;5;3m[RouterExplorer] [39m[32mMapped {/role-templates/:roleTemplateId/permissions/:relatedId, PATCH} route[39m[38;5;3m +0ms[39m
[32m[Nest] 19608  - [39m09/28/2026, 8:17:50 PM [32m    LOG[39m [38;5;3m[RouterExplorer] [39m[32mMapped {/role-templates/:roleTemplateId/permissions/:relatedId, DELETE} route[39m[38;5;3m +0ms[39m
[32m[Nest] 19608  - [39m09/28/2026, 8:17:50 PM [32m    LOG[39m [38;5;3m[RoutesResolver] [39m[32mRolePermissionsController {/api/v1/merchants/:merchantId/roles/:roleId/permissions}:[39m[38;5;3m +0ms[39m
[32m[Nest] 19608  - [39m09/28/2026, 8:17:50 PM [32m    LOG[39m [38;5;3m[RouterExplorer] [39m[32mMapped {/api/v1/merchants/:merchantId/roles/:roleId/permissions, GET} route[39m[38;5;3m +0ms[39m
[32m[Nest] 19608  - [39m09/28/2026, 8:17:50 PM [32m    LOG[39m [38;5;3m[RouterExplorer] [39m[32mMapped {/api/v1/merchants/:merchantId/roles/:roleId/permissions/:relatedId, GET} route[39m[38;5;3m +0ms[39m
[32m[Nest] 19608  - [39m09/28/2026, 8:17:50 PM [32m    LOG[39m [38;5;3m[RouterExplorer] [39m[32mMapped {/api/v1/merchants/:merchantId/roles/:roleId/permissions, POST} route[39m[38;5;3m +1ms[39m
[32m[Nest] 19608  - [39m09/28/2026, 8:17:50 PM [32m    LOG[39m [38;5;3m[RouterExplorer] [39m[32mMapped {/api/v1/merchants/:merchantId/roles/:roleId/permissions/:relatedId, PUT} route[39m[38;5;3m +0ms[39m
[32m[Nest] 19608  - [39m09/28/2026, 8:17:50 PM [32m    LOG[39m [38;5;3m[RouterExplorer] [39m[32mMapped {/api/v1/merchants/:merchantId/roles/:roleId/permissions/:relatedId, PATCH} route[39m[38;5;3m +0ms[39m
[32m[Nest] 19608  - [39m09/28/2026, 8:17:50 PM [32m    LOG[39m [38;5;3m[RouterExplorer] [39m[32mMapped {/api/v1/merchants/:merchantId/roles/:roleId/permissions/:relatedId, DELETE} route[39m[38;5;3m +1ms[39m
[32m[Nest] 19608  - [39m09/28/2026, 8:17:50 PM [32m    LOG[39m [38;5;3m[RoutesResolver] [39m[32mRolePermissionsController {/connector/api/v1/merchants/:merchantId/roles/:roleId/permissions}:[39m[38;5;3m +0ms[39m
[32m[Nest] 19608  - [39m09/28/2026, 8:17:50 PM [32m    LOG[39m [38;5;3m[RouterExplorer] [39m[32mMapped {/connector/api/v1/merchants/:merchantId/roles/:roleId/permissions, GET} route[39m[38;5;3m +0ms[39m
[32m[Nest] 19608  - [39m09/28/2026, 8:17:50 PM [32m    LOG[39m [38;5;3m[RouterExplorer] [39m[32mMapped {/connector/api/v1/merchants/:merchantId/roles/:roleId/permissions/:relatedId, GET} route[39m[38;5;3m +0ms[39m
[32m[Nest] 19608  - [39m09/28/2026, 8:17:50 PM [32m    LOG[39m [38;5;3m[RouterExplorer] [39m[32mMapped {/connector/api/v1/merchants/:merchantId/roles/:roleId/permissions, POST} route[39m[38;5;3m +0ms[39m
[32m[Nest] 19608  - [39m09/28/2026, 8:17:50 PM [32m    LOG[39m [38;5;3m[RouterExplorer] [39m[32mMapped {/connector/api/v1/merchants/:merchantId/roles/:roleId/permissions/:relatedId, PUT} route[39m[38;5;3m +1ms[39m
[32m[Nest] 19608  - [39m09/28/2026, 8:17:50 PM [32m    LOG[39m [38;5;3m[RouterExplorer] [39m[32mMapped {/connector/api/v1/merchants/:merchantId/roles/:roleId/permissions/:relatedId, PATCH} route[39m[38;5;3m +0ms[39m
[32m[Nest] 19608  - [39m09/28/2026, 8:17:50 PM [32m    LOG[39m [38;5;3m[RouterExplorer] [39m[32mMapped {/connector/api/v1/merchants/:merchantId/roles/:roleId/permissions/:relatedId, DELETE} route[39m[38;5;3m +0ms[39m
[32m[Nest] 19608  - [39m09/28/2026, 8:17:50 PM [32m    LOG[39m [38;5;3m[RoutesResolver] [39m[32mRolePermissionsController {/merchants/:merchantId/roles/:roleId/permissions}:[39m[38;5;3m +0ms[39m
[32m[Nest] 19608  - [39m09/28/2026, 8:17:50 PM [32m    LOG[39m [38;5;3m[RouterExplorer] [39m[32mMapped {/merchants/:merchantId/roles/:roleId/permissions, GET} route[39m[38;5;3m +0ms[39m
[32m[Nest] 19608  - [39m09/28/2026, 8:17:50 PM [32m    LOG[39m [38;5;3m[RouterExplorer] [39m[32mMapped {/merchants/:merchantId/roles/:roleId/permissions/:relatedId, GET} route[39m[38;5;3m +1ms[39m
[32m[Nest] 19608  - [39m09/28/2026, 8:17:50 PM [32m    LOG[39m [38;5;3m[RouterExplorer] [39m[32mMapped {/merchants/:merchantId/roles/:roleId/permissions, POST} route[39m[38;5;3m +0ms[39m
[32m[Nest] 19608  - [39m09/28/2026, 8:17:50 PM [32m    LOG[39m [38;5;3m[RouterExplorer] [39m[32mMapped {/merchants/:merchantId/roles/:roleId/permissions/:relatedId, PUT} route[39m[38;5;3m +0ms[39m
[32m[Nest] 19608  - [39m09/28/2026, 8:17:50 PM [32m    LOG[39m [38;5;3m[RouterExplorer] [39m[32mMapped {/merchants/:merchantId/roles/:roleId/permissions/:relatedId, PATCH} route[39m[38;5;3m +1ms[39m
[32m[Nest] 19608  - [39m09/28/2026, 8:17:50 PM [32m    LOG[39m [38;5;3m[RouterExplorer] [39m[32mMapped {/merchants/:merchantId/roles/:roleId/permissions/:relatedId, DELETE} route[39m[38;5;3m +0ms[39m
[32m[Nest] 19608  - [39m09/28/2026, 8:17:50 PM [32m    LOG[39m [38;5;3m[RoutesResolver] [39m[32mAppController {/api/v1}:[39m[38;5;3m +1ms[39m
[32m[Nest] 19608  - [39m09/28/2026, 8:17:50 PM [32m    LOG[39m [38;5;3m[RouterExplorer] [39m[32mMapped {/api/v1/ids/:kind, POST} route[39m[38;5;3m +0ms[39m
[32m[Nest] 19608  - [39m09/28/2026, 8:17:50 PM [32m    LOG[39m [38;5;3m[RouterExplorer] [39m[32mMapped {/api/v1/health, GET} route[39m[38;5;3m +1ms[39m
[32m[Nest] 19608  - [39m09/28/2026, 8:17:50 PM [32m    LOG[39m [38;5;3m[RouterExplorer] [39m[32mMapped {/api/v1/onboarding/step1-business, POST} route[39m[38;5;3m +0ms[39m
[32m[Nest] 19608  - [39m09/28/2026, 8:17:50 PM [32m    LOG[39m [38;5;3m[RouterExplorer] [39m[32mMapped {/api/v1/onboarding/step2-store, POST} route[39m[38;5;3m +1ms[39m
[32m[Nest] 19608  - [39m09/28/2026, 8:17:50 PM [32m    LOG[39m [38;5;3m[RouterExplorer] [39m[32mMapped {/api/v1/onboarding/step3-plan, POST} route[39m[38;5;3m +0ms[39m
[32m[Nest] 19608  - [39m09/28/2026, 8:17:50 PM [32m    LOG[39m [38;5;3m[RouterExplorer] [39m[32mMapped {/api/v1/onboarding/complete, POST} route[39m[38;5;3m +0ms[39m
[32m[Nest] 19608  - [39m09/28/2026, 8:17:50 PM [32m    LOG[39m [38;5;3m[RouterExplorer] [39m[32mMapped {/api/v1/stores/activate-terminal, POST} route[39m[38;5;3m +1ms[39m
[32m[Nest] 19608  - [39m09/28/2026, 8:17:50 PM [32m    LOG[39m [38;5;3m[RouterExplorer] [39m[32mMapped {/api/v1/stores/:storeId/connector, PUT} route[39m[38;5;3m +0ms[39m
[32m[Nest] 19608  - [39m09/28/2026, 8:17:50 PM [32m    LOG[39m [38;5;3m[RouterExplorer] [39m[32mMapped {/api/v1/stores/:storeId/connector/test, POST} route[39m[38;5;3m +0ms[39m
[32m[Nest] 19608  - [39m09/28/2026, 8:17:50 PM [32m    LOG[39m [38;5;3m[RouterExplorer] [39m[32mMapped {/api/v1/stores/:storeId/connector, GET} route[39m[38;5;3m +1ms[39m
[32m[Nest] 19608  - [39m09/28/2026, 8:17:50 PM [32m    LOG[39m [38;5;3m[RouterExplorer] [39m[32mMapped {/api/v1/stores/:storeId/catalog/sync, POST} route[39m[38;5;3m +0ms[39m
[32m[Nest] 19608  - [39m09/28/2026, 8:17:50 PM [32m    LOG[39m [38;5;3m[RouterExplorer] [39m[32mMapped {/api/v1/stores/:storeId/catalog, GET} route[39m[38;5;3m +1ms[39m
[32m[Nest] 19608  - [39m09/28/2026, 8:17:50 PM [32m    LOG[39m [38;5;3m[RouterExplorer] [39m[32mMapped {/api/v1/stores/:storeId/configuration, GET} route[39m[38;5;3m +0ms[39m
[32m[Nest] 19608  - [39m09/28/2026, 8:17:50 PM [32m    LOG[39m [38;5;3m[RouterExplorer] [39m[32mMapped {/api/v1/stores, POST} route[39m[38;5;3m +1ms[39m
[32m[Nest] 19608  - [39m09/28/2026, 8:17:50 PM [32m    LOG[39m [38;5;3m[RouterExplorer] [39m[32mMapped {/api/v1/merchants/:merchantId/stores, POST} route[39m[38;5;3m +0ms[39m
[32m[Nest] 19608  - [39m09/28/2026, 8:17:50 PM [32m    LOG[39m [38;5;3m[RouterExplorer] [39m[32mMapped {/api/v1/merchants/:merchantId/stores/bulk, POST} route[39m[38;5;3m +0ms[39m
[32m[Nest] 19608  - [39m09/28/2026, 8:17:50 PM [32m    LOG[39m [38;5;3m[RouterExplorer] [39m[32mMapped {/api/v1/stores, GET} route[39m[38;5;3m +1ms[39m
[32m[Nest] 19608  - [39m09/28/2026, 8:17:50 PM [32m    LOG[39m [38;5;3m[RouterExplorer] [39m[32mMapped {/api/v1/merchants/:merchantId/stores, GET} route[39m[38;5;3m +0ms[39m
[32m[Nest] 19608  - [39m09/28/2026, 8:17:50 PM [32m    LOG[39m [38;5;3m[RouterExplorer] [39m[32mMapped {/api/v1/merchants/:merchantId/stores/:storeId/employees, GET} route[39m[38;5;3m +0ms[39m
[32m[Nest] 19608  - [39m09/28/2026, 8:17:50 PM [32m    LOG[39m [38;5;3m[RouterExplorer] [39m[32mMapped {/api/v1/merchants/:merchantId/stores/:storeId/employees, PUT} route[39m[38;5;3m +1ms[39m
[32m[Nest] 19608  - [39m09/28/2026, 8:17:50 PM [32m    LOG[39m [38;5;3m[RouterExplorer] [39m[32mMapped {/api/v1/stores/:storeId, GET} route[39m[38;5;3m +0ms[39m
[32m[Nest] 19608  - [39m09/28/2026, 8:17:50 PM [32m    LOG[39m [38;5;3m[RouterExplorer] [39m[32mMapped {/api/v1/merchants/:merchantId/stores/:storeId, GET} route[39m[38;5;3m +0ms[39m
[32m[Nest] 19608  - [39m09/28/2026, 8:17:50 PM [32m    LOG[39m [38;5;3m[RouterExplorer] [39m[32mMapped {/api/v1/stores/:storeId, PUT} route[39m[38;5;3m +0ms[39m
[32m[Nest] 19608  - [39m09/28/2026, 8:17:50 PM [32m    LOG[39m [38;5;3m[RouterExplorer] [39m[32mMapped {/api/v1/merchants/:merchantId/stores/:storeId, PUT} route[39m[38;5;3m +1ms[39m
[32m[Nest] 19608  - [39m09/28/2026, 8:17:50 PM [32m    LOG[39m [38;5;3m[RoutesResolver] [39m[32mFeaturePermissionController {/api/v1/features/:featureId/permissions}:[39m[38;5;3m +0ms[39m
[32m[Nest] 19608  - [39m09/28/2026, 8:17:50 PM [32m    LOG[39m [38;5;3m[RouterExplorer] [39m[32mMapped {/api/v1/features/:featureId/permissions, GET} route[39m[38;5;3m +0ms[39m
[32m[Nest] 19608  - [39m09/28/2026, 8:17:50 PM [32m    LOG[39m [38;5;3m[RouterExplorer] [39m[32mMapped {/api/v1/features/:featureId/permissions/:idOrKey, GET} route[39m[38;5;3m +0ms[39m
[32m[Nest] 19608  - [39m09/28/2026, 8:17:50 PM [32m    LOG[39m [38;5;3m[RouterExplorer] [39m[32mMapped {/api/v1/features/:featureId/permissions/bulk, POST} route[39m[38;5;3m +0ms[39m
[32m[Nest] 19608  - [39m09/28/2026, 8:17:50 PM [32m    LOG[39m [38;5;3m[RouterExplorer] [39m[32mMapped {/api/v1/features/:featureId/permissions/bulk, PATCH} route[39m[38;5;3m +1ms[39m
[32m[Nest] 19608  - [39m09/28/2026, 8:17:50 PM [32m    LOG[39m [38;5;3m[RouterExplorer] [39m[32mMapped {/api/v1/features/:featureId/permissions/bulk, PUT} route[39m[38;5;3m +0ms[39m
[32m[Nest] 19608  - [39m09/28/2026, 8:17:50 PM [32m    LOG[39m [38;5;3m[RouterExplorer] [39m[32mMapped {/api/v1/features/:featureId/permissions, POST} route[39m[38;5;3m +0ms[39m
[32m[Nest] 19608  - [39m09/28/2026, 8:17:50 PM [32m    LOG[39m [38;5;3m[RouterExplorer] [39m[32mMapped {/api/v1/features/:featureId/permissions/:idOrKey, PUT} route[39m[38;5;3m +0ms[39m
[32m[Nest] 19608  - [39m09/28/2026, 8:17:50 PM [32m    LOG[39m [38;5;3m[RouterExplorer] [39m[32mMapped {/api/v1/features/:featureId/permissions/:idOrKey, PATCH} route[39m[38;5;3m +0ms[39m
[32m[Nest] 19608  - [39m09/28/2026, 8:17:50 PM [32m    LOG[39m [38;5;3m[RouterExplorer] [39m[32mMapped {/api/v1/features/:featureId/permissions/:idOrKey/status, PUT} route[39m[38;5;3m +1ms[39m
[32m[Nest] 19608  - [39m09/28/2026, 8:17:50 PM [32m    LOG[39m [38;5;3m[RouterExplorer] [39m[32mMapped {/api/v1/features/:featureId/permissions/:idOrKey/status, PATCH} route[39m[38;5;3m +0ms[39m
[32m[Nest] 19608  - [39m09/28/2026, 8:17:50 PM [32m    LOG[39m [38;5;3m[RouterExplorer] [39m[32mMapped {/api/v1/features/:featureId/permissions/:idOrKey, DELETE} route[39m[38;5;3m +0ms[39m
[32m[Nest] 19608  - [39m09/28/2026, 8:17:50 PM [32m    LOG[39m [38;5;3m[RoutesResolver] [39m[32mFeaturePermissionController {/connector/api/v1/features/:featureId/permissions}:[39m[38;5;3m +0ms[39m
[32m[Nest] 19608  - [39m09/28/2026, 8:17:50 PM [32m    LOG[39m [38;5;3m[RouterExplorer] [39m[32mMapped {/connector/api/v1/features/:featureId/permissions, GET} route[39m[38;5;3m +1ms[39m
[32m[Nest] 19608  - [39m09/28/2026, 8:17:50 PM [32m    LOG[39m [38;5;3m[RouterExplorer] [39m[32mMapped {/connector/api/v1/features/:featureId/permissions/:idOrKey, GET} route[39m[38;5;3m +0ms[39m
[32m[Nest] 19608  - [39m09/28/2026, 8:17:50 PM [32m    LOG[39m [38;5;3m[RouterExplorer] [39m[32mMapped {/connector/api/v1/features/:featureId/permissions/bulk, POST} route[39m[38;5;3m +0ms[39m
[32m[Nest] 19608  - [39m09/28/2026, 8:17:50 PM [32m    LOG[39m [38;5;3m[RouterExplorer] [39m[32mMapped {/connector/api/v1/features/:featureId/permissions/bulk, PATCH} route[39m[38;5;3m +0ms[39m
[32m[Nest] 19608  - [39m09/28/2026, 8:17:50 PM [32m    LOG[39m [38;5;3m[RouterExplorer] [39m[32mMapped {/connector/api/v1/features/:featureId/permissions/bulk, PUT} route[39m[38;5;3m +0ms[39m
[32m[Nest] 19608  - [39m09/28/2026, 8:17:50 PM [32m    LOG[39m [38;5;3m[RouterExplorer] [39m[32mMapped {/connector/api/v1/features/:featureId/permissions, POST} route[39m[38;5;3m +1ms[39m
[32m[Nest] 19608  - [39m09/28/2026, 8:17:50 PM [32m    LOG[39m [38;5;3m[RouterExplorer] [39m[32mMapped {/connector/api/v1/features/:featureId/permissions/:idOrKey, PUT} route[39m[38;5;3m +0ms[39m
[32m[Nest] 19608  - [39m09/28/2026, 8:17:50 PM [32m    LOG[39m [38;5;3m[RouterExplorer] [39m[32mMapped {/connector/api/v1/features/:featureId/permissions/:idOrKey, PATCH} route[39m[38;5;3m +0ms[39m
[32m[Nest] 19608  - [39m09/28/2026, 8:17:50 PM [32m    LOG[39m [38;5;3m[RouterExplorer] [39m[32mMapped {/connector/api/v1/features/:featureId/permissions/:idOrKey/status, PUT} route[39m[38;5;3m +0ms[39m
[32m[Nest] 19608  - [39m09/28/2026, 8:17:50 PM [32m    LOG[39m [38;5;3m[RouterExplorer] [39m[32mMapped {/connector/api/v1/features/:featureId/permissions/:idOrKey/status, PATCH} route[39m[38;5;3m +1ms[39m
[32m[Nest] 19608  - [39m09/28/2026, 8:17:50 PM [32m    LOG[39m [38;5;3m[RouterExplorer] [39m[32mMapped {/connector/api/v1/features/:featureId/permissions/:idOrKey, DELETE} route[39m[38;5;3m +0ms[39m
[32m[Nest] 19608  - [39m09/28/2026, 8:17:50 PM [32m    LOG[39m [38;5;3m[RoutesResolver] [39m[32mFeaturePermissionController {/features/:featureId/permissions}:[39m[38;5;3m +0ms[39m
[32m[Nest] 19608  - [39m09/28/2026, 8:17:50 PM [32m    LOG[39m [38;5;3m[RouterExplorer] [39m[32mMapped {/features/:featureId/permissions, GET} route[39m[38;5;3m +0ms[39m
[32m[Nest] 19608  - [39m09/28/2026, 8:17:50 PM [32m    LOG[39m [38;5;3m[RouterExplorer] [39m[32mMapped {/features/:featureId/permissions/:idOrKey, GET} route[39m[38;5;3m +0ms[39m
[32m[Nest] 19608  - [39m09/28/2026, 8:17:50 PM [32m    LOG[39m [38;5;3m[RouterExplorer] [39m[32mMapped {/features/:featureId/permissions/bulk, POST} route[39m[38;5;3m +0ms[39m
[32m[Nest] 19608  - [39m09/28/2026, 8:17:50 PM [32m    LOG[39m [38;5;3m[RouterExplorer] [39m[32mMapped {/features/:featureId/permissions/bulk, PATCH} route[39m[38;5;3m +1ms[39m
[32m[Nest] 19608  - [39m09/28/2026, 8:17:50 PM [32m    LOG[39m [38;5;3m[RouterExplorer] [39m[32mMapped {/features/:featureId/permissions/bulk, PUT} route[39m[38;5;3m +0ms[39m
[32m[Nest] 19608  - [39m09/28/2026, 8:17:50 PM [32m    LOG[39m [38;5;3m[RouterExplorer] [39m[32mMapped {/features/:featureId/permissions, POST} route[39m[38;5;3m +0ms[39m
[32m[Nest] 19608  - [39m09/28/2026, 8:17:50 PM [32m    LOG[39m [38;5;3m[RouterExplorer] [39m[32mMapped {/features/:featureId/permissions/:idOrKey, PUT} route[39m[38;5;3m +0ms[39m
[32m[Nest] 19608  - [39m09/28/2026, 8:17:50 PM [32m    LOG[39m [38;5;3m[RouterExplorer] [39m[32mMapped {/features/:featureId/permissions/:idOrKey, PATCH} route[39m[38;5;3m +0ms[39m
[32m[Nest] 19608  - [39m09/28/2026, 8:17:50 PM [32m    LOG[39m [38;5;3m[RouterExplorer] [39m[32mMapped {/features/:featureId/permissions/:idOrKey/status, PUT} route[39m[38;5;3m +1ms[39m
[32m[Nest] 19608  - [39m09/28/2026, 8:17:50 PM [32m    LOG[39m [38;5;3m[RouterExplorer] [39m[32mMapped {/features/:featureId/permissions/:idOrKey/status, PATCH} route[39m[38;5;3m +0ms[39m
[32m[Nest] 19608  - [39m09/28/2026, 8:17:50 PM [32m    LOG[39m [38;5;3m[RouterExplorer] [39m[32mMapped {/features/:featureId/permissions/:idOrKey, DELETE} route[39m[38;5;3m +0ms[39m
[32m[Nest] 19608  - [39m09/28/2026, 8:17:50 PM [32m    LOG[39m [38;5;3m[RoutesResolver] [39m[32mPermissionController {/api/v1/permissions}:[39m[38;5;3m +0ms[39m
[32m[Nest] 19608  - [39m09/28/2026, 8:17:50 PM [32m    LOG[39m [38;5;3m[RouterExplorer] [39m[32mMapped {/api/v1/permissions, GET} route[39m[38;5;3m +0ms[39m
[32m[Nest] 19608  - [39m09/28/2026, 8:17:50 PM [32m    LOG[39m [38;5;3m[RouterExplorer] [39m[32mMapped {/api/v1/permissions/:idOrKey, GET} route[39m[38;5;3m +0ms[39m
[32m[Nest] 19608  - [39m09/28/2026, 8:17:50 PM [32m    LOG[39m [38;5;3m[RouterExplorer] [39m[32mMapped {/api/v1/permissions, POST} route[39m[38;5;3m +1ms[39m
[32m[Nest] 19608  - [39m09/28/2026, 8:17:50 PM [32m    LOG[39m [38;5;3m[RouterExplorer] [39m[32mMapped {/api/v1/permissions/:idOrKey, PUT} route[39m[38;5;3m +0ms[39m
[32m[Nest] 19608  - [39m09/28/2026, 8:17:50 PM [32m    LOG[39m [38;5;3m[RouterExplorer] [39m[32mMapped {/api/v1/permissions/:idOrKey, PATCH} route[39m[38;5;3m +0ms[39m
[32m[Nest] 19608  - [39m09/28/2026, 8:17:50 PM [32m    LOG[39m [38;5;3m[RouterExplorer] [39m[32mMapped {/api/v1/permissions/:idOrKey, DELETE} route[39m[38;5;3m +0ms[39m
[32m[Nest] 19608  - [39m09/28/2026, 8:17:50 PM [32m    LOG[39m [38;5;3m[RoutesResolver] [39m[32mPermissionController {/connector/api/v1/permissions}:[39m[38;5;3m +0ms[39m
[32m[Nest] 19608  - [39m09/28/2026, 8:17:50 PM [32m    LOG[39m [38;5;3m[RouterExplorer] [39m[32mMapped {/connector/api/v1/permissions, GET} route[39m[38;5;3m +1ms[39m
[32m[Nest] 19608  - [39m09/28/2026, 8:17:50 PM [32m    LOG[39m [38;5;3m[RouterExplorer] [39m[32mMapped {/connector/api/v1/permissions/:idOrKey, GET} route[39m[38;5;3m +0ms[39m
[32m[Nest] 19608  - [39m09/28/2026, 8:17:50 PM [32m    LOG[39m [38;5;3m[RouterExplorer] [39m[32mMapped {/connector/api/v1/permissions, POST} route[39m[38;5;3m +0ms[39m
[32m[Nest] 19608  - [39m09/28/2026, 8:17:50 PM [32m    LOG[39m [38;5;3m[RouterExplorer] [39m[32mMapped {/connector/api/v1/permissions/:idOrKey, PUT} route[39m[38;5;3m +0ms[39m
[32m[Nest] 19608  - [39m09/28/2026, 8:17:50 PM [32m    LOG[39m [38;5;3m[RouterExplorer] [39m[32mMapped {/connector/api/v1/permissions/:idOrKey, PATCH} route[39m[38;5;3m +1ms[39m
[32m[Nest] 19608  - [39m09/28/2026, 8:17:50 PM [32m    LOG[39m [38;5;3m[RouterExplorer] [39m[32mMapped {/connector/api/v1/permissions/:idOrKey, DELETE} route[39m[38;5;3m +0ms[39m
[32m[Nest] 19608  - [39m09/28/2026, 8:17:50 PM [32m    LOG[39m [38;5;3m[RoutesResolver] [39m[32mPermissionController {/permissions}:[39m[38;5;3m +0ms[39m
[32m[Nest] 19608  - [39m09/28/2026, 8:17:50 PM [32m    LOG[39m [38;5;3m[RouterExplorer] [39m[32mMapped {/permissions, GET} route[39m[38;5;3m +0ms[39m
[32m[Nest] 19608  - [39m09/28/2026, 8:17:50 PM [32m    LOG[39m [38;5;3m[RouterExplorer] [39m[32mMapped {/permissions/:idOrKey, GET} route[39m[38;5;3m +1ms[39m
[32m[Nest] 19608  - [39m09/28/2026, 8:17:50 PM [32m    LOG[39m [38;5;3m[RouterExplorer] [39m[32mMapped {/permissions, POST} route[39m[38;5;3m +0ms[39m
[32m[Nest] 19608  - [39m09/28/2026, 8:17:50 PM [32m    LOG[39m [38;5;3m[RouterExplorer] [39m[32mMapped {/permissions/:idOrKey, PUT} route[39m[38;5;3m +0ms[39m
[32m[Nest] 19608  - [39m09/28/2026, 8:17:50 PM [32m    LOG[39m [38;5;3m[RouterExplorer] [39m[32mMapped {/permissions/:idOrKey, PATCH} route[39m[38;5;3m +0ms[39m
[32m[Nest] 19608  - [39m09/28/2026, 8:17:50 PM [32m    LOG[39m [38;5;3m[RouterExplorer] [39m[32mMapped {/permissions/:idOrKey, DELETE} route[39m[38;5;3m +1ms[39m
[32m[Nest] 19608  - [39m09/28/2026, 8:17:50 PM [32m    LOG[39m [38;5;3m[RoutesResolver] [39m[32mRoleController {/api/v1/merchants/:merchantId/roles}:[39m[38;5;3m +0ms[39m
[32m[Nest] 19608  - [39m09/28/2026, 8:17:50 PM [32m    LOG[39m [38;5;3m[RouterExplorer] [39m[32mMapped {/api/v1/merchants/:merchantId/roles, GET} route[39m[38;5;3m +0ms[39m
[32m[Nest] 19608  - [39m09/28/2026, 8:17:50 PM [32m    LOG[39m [38;5;3m[RouterExplorer] [39m[32mMapped {/api/v1/merchants/:merchantId/roles/:idOrCode, GET} route[39m[38;5;3m +0ms[39m
[32m[Nest] 19608  - [39m09/28/2026, 8:17:50 PM [32m    LOG[39m [38;5;3m[RouterExplorer] [39m[32mMapped {/api/v1/merchants/:merchantId/roles, POST} route[39m[38;5;3m +0ms[39m
[32m[Nest] 19608  - [39m09/28/2026, 8:17:50 PM [32m    LOG[39m [38;5;3m[RouterExplorer] [39m[32mMapped {/api/v1/merchants/:merchantId/roles/:idOrCode, PUT} route[39m[38;5;3m +1ms[39m
[32m[Nest] 19608  - [39m09/28/2026, 8:17:50 PM [32m    LOG[39m [38;5;3m[RouterExplorer] [39m[32mMapped {/api/v1/merchants/:merchantId/roles/:idOrCode, PATCH} route[39m[38;5;3m +0ms[39m
[32m[Nest] 19608  - [39m09/28/2026, 8:17:50 PM [32m    LOG[39m [38;5;3m[RouterExplorer] [39m[32mMapped {/api/v1/merchants/:merchantId/roles/:idOrCode, DELETE} route[39m[38;5;3m +0ms[39m
[32m[Nest] 19608  - [39m09/28/2026, 8:17:50 PM [32m    LOG[39m [38;5;3m[RoutesResolver] [39m[32mSubscriptionPlanController {/api/v1/subscription-plans}:[39m[38;5;3m +0ms[39m
[32m[Nest] 19608  - [39m09/28/2026, 8:17:50 PM [32m    LOG[39m [38;5;3m[RouterExplorer] [39m[32mMapped {/api/v1/subscription-plans, GET} route[39m[38;5;3m +1ms[39m
[32m[Nest] 19608  - [39m09/28/2026, 8:17:50 PM [32m    LOG[39m [38;5;3m[RouterExplorer] [39m[32mMapped {/api/v1/subscription-plans/:planCode, GET} route[39m[38;5;3m +0ms[39m
[32m[Nest] 19608  - [39m09/28/2026, 8:17:50 PM [32m    LOG[39m [38;5;3m[RouterExplorer] [39m[32mMapped {/api/v1/subscription-plans, POST} route[39m[38;5;3m +0ms[39m
[32m[Nest] 19608  - [39m09/28/2026, 8:17:50 PM [32m    LOG[39m [38;5;3m[RouterExplorer] [39m[32mMapped {/api/v1/subscription-plans/:planCode, PUT} route[39m[38;5;3m +0ms[39m
[32m[Nest] 19608  - [39m09/28/2026, 8:17:50 PM [32m    LOG[39m [38;5;3m[RouterExplorer] [39m[32mMapped {/api/v1/subscription-plans/:planCode, PATCH} route[39m[38;5;3m +1ms[39m
[32m[Nest] 19608  - [39m09/28/2026, 8:17:50 PM [32m    LOG[39m [38;5;3m[RouterExplorer] [39m[32mMapped {/api/v1/subscription-plans/:planCode, DELETE} route[39m[38;5;3m +0ms[39m
[32m[Nest] 19608  - [39m09/28/2026, 8:17:50 PM [32m    LOG[39m [38;5;3m[RoutesResolver] [39m[32mSubscriptionPlanController {/connector/api/v1/subscription-plans}:[39m[38;5;3m +0ms[39m
[32m[Nest] 19608  - [39m09/28/2026, 8:17:50 PM [32m    LOG[39m [38;5;3m[RouterExplorer] [39m[32mMapped {/connector/api/v1/subscription-plans, GET} route[39m[38;5;3m +0ms[39m
[32m[Nest] 19608  - [39m09/28/2026, 8:17:50 PM [32m    LOG[39m [38;5;3m[RouterExplorer] [39m[32mMapped {/connector/api/v1/subscription-plans/:planCode, GET} route[39m[38;5;3m +0ms[39m
[32m[Nest] 19608  - [39m09/28/2026, 8:17:50 PM [32m    LOG[39m [38;5;3m[RouterExplorer] [39m[32mMapped {/connector/api/v1/subscription-plans, POST} route[39m[38;5;3m +1ms[39m
[32m[Nest] 19608  - [39m09/28/2026, 8:17:50 PM [32m    LOG[39m [38;5;3m[RouterExplorer] [39m[32mMapped {/connector/api/v1/subscription-plans/:planCode, PUT} route[39m[38;5;3m +0ms[39m
[32m[Nest] 19608  - [39m09/28/2026, 8:17:50 PM [32m    LOG[39m [38;5;3m[RouterExplorer] [39m[32mMapped {/connector/api/v1/subscription-plans/:planCode, PATCH} route[39m[38;5;3m +0ms[39m
[32m[Nest] 19608  - [39m09/28/2026, 8:17:50 PM [32m    LOG[39m [38;5;3m[RouterExplorer] [39m[32mMapped {/connector/api/v1/subscription-plans/:planCode, DELETE} route[39m[38;5;3m +0ms[39m
[32m[Nest] 19608  - [39m09/28/2026, 8:17:50 PM [32m    LOG[39m [38;5;3m[RoutesResolver] [39m[32mSubscriptionPlanController {/subscription-plans}:[39m[38;5;3m +0ms[39m
[32m[Nest] 19608  - [39m09/28/2026, 8:17:50 PM [32m    LOG[39m [38;5;3m[RouterExplorer] [39m[32mMapped {/subscription-plans, GET} route[39m[38;5;3m +0ms[39m
[32m[Nest] 19608  - [39m09/28/2026, 8:17:50 PM [32m    LOG[39m [38;5;3m[RouterExplorer] [39m[32mMapped {/subscription-plans/:planCode, GET} route[39m[38;5;3m +1ms[39m
[32m[Nest] 19608  - [39m09/28/2026, 8:17:50 PM [32m    LOG[39m [38;5;3m[RouterExplorer] [39m[32mMapped {/subscription-plans, POST} route[39m[38;5;3m +0ms[39m
[32m[Nest] 19608  - [39m09/28/2026, 8:17:50 PM [32m    LOG[39m [38;5;3m[RouterExplorer] [39m[32mMapped {/subscription-plans/:planCode, PUT} route[39m[38;5;3m +0ms[39m
[32m[Nest] 19608  - [39m09/28/2026, 8:17:50 PM [32m    LOG[39m [38;5;3m[RouterExplorer] [39m[32mMapped {/subscription-plans/:planCode, PATCH} route[39m[38;5;3m +0ms[39m
[32m[Nest] 19608  - [39m09/28/2026, 8:17:50 PM [32m    LOG[39m [38;5;3m[RouterExplorer] [39m[32mMapped {/subscription-plans/:planCode, DELETE} route[39m[38;5;3m +0ms[39m
[32m[Nest] 19608  - [39m09/28/2026, 8:17:50 PM [32m    LOG[39m [38;5;3m[RoutesResolver] [39m[32mReferenceDataController {/api/v1/reference-data}:[39m[38;5;3m +0ms[39m
[32m[Nest] 19608  - [39m09/28/2026, 8:17:50 PM [32m    LOG[39m [38;5;3m[RouterExplorer] [39m[32mMapped {/api/v1/reference-data, GET} route[39m[38;5;3m +1ms[39m
[32m[Nest] 19608  - [39m09/28/2026, 8:17:50 PM [32m    LOG[39m [38;5;3m[RoutesResolver] [39m[32mReferenceDataController {/connector/api/v1/reference-data}:[39m[38;5;3m +0ms[39m
[32m[Nest] 19608  - [39m09/28/2026, 8:17:50 PM [32m    LOG[39m [38;5;3m[RouterExplorer] [39m[32mMapped {/connector/api/v1/reference-data, GET} route[39m[38;5;3m +0ms[39m
[32m[Nest] 19608  - [39m09/28/2026, 8:17:50 PM [32m    LOG[39m [38;5;3m[RoutesResolver] [39m[32mReferenceDataController {/reference-data}:[39m[38;5;3m +0ms[39m
[32m[Nest] 19608  - [39m09/28/2026, 8:17:50 PM [32m    LOG[39m [38;5;3m[RouterExplorer] [39m[32mMapped {/reference-data, GET} route[39m[38;5;3m +1ms[39m
[32m[Nest] 19608  - [39m09/28/2026, 8:17:50 PM [32m    LOG[39m [38;5;3m[RoutesResolver] [39m[32mDeviceController {/api/v1/devices}:[39m[38;5;3m +0ms[39m
[32m[Nest] 19608  - [39m09/28/2026, 8:17:50 PM [32m    LOG[39m [38;5;3m[RouterExplorer] [39m[32mMapped {/api/v1/devices, POST} route[39m[38;5;3m +0ms[39m
[32m[Nest] 19608  - [39m09/28/2026, 8:17:50 PM [32m    LOG[39m [38;5;3m[RouterExplorer] [39m[32mMapped {/api/v1/devices, GET} route[39m[38;5;3m +0ms[39m
[32m[Nest] 19608  - [39m09/28/2026, 8:17:50 PM [32m    LOG[39m [38;5;3m[RouterExplorer] [39m[32mMapped {/api/v1/devices/merchant/:merchantId, GET} route[39m[38;5;3m +1ms[39m
[32m[Nest] 19608  - [39m09/28/2026, 8:17:50 PM [32m    LOG[39m [38;5;3m[RouterExplorer] [39m[32mMapped {/api/v1/devices/:deviceId, GET} route[39m[38;5;3m +0ms[39m
[32m[Nest] 19608  - [39m09/28/2026, 8:17:50 PM [32m    LOG[39m [38;5;3m[RouterExplorer] [39m[32mMapped {/api/v1/devices/:deviceId, PUT} route[39m[38;5;3m +0ms[39m
[32m[Nest] 19608  - [39m09/28/2026, 8:17:50 PM [32m    LOG[39m [38;5;3m[RouterExplorer] [39m[32mMapped {/api/v1/devices/:deviceId, PATCH} route[39m[38;5;3m +0ms[39m
[32m[Nest] 19608  - [39m09/28/2026, 8:17:50 PM [32m    LOG[39m [38;5;3m[RouterExplorer] [39m[32mMapped {/api/v1/devices/:deviceId, DELETE} route[39m[38;5;3m +1ms[39m
[32m[Nest] 19608  - [39m09/28/2026, 8:17:50 PM [32m    LOG[39m [38;5;3m[RoutesResolver] [39m[32mDeviceController {/connector/api/v1/devices}:[39m[38;5;3m +0ms[39m
[32m[Nest] 19608  - [39m09/28/2026, 8:17:50 PM [32m    LOG[39m [38;5;3m[RouterExplorer] [39m[32mMapped {/connector/api/v1/devices, POST} route[39m[38;5;3m +0ms[39m
[32m[Nest] 19608  - [39m09/28/2026, 8:17:50 PM [32m    LOG[39m [38;5;3m[RouterExplorer] [39m[32mMapped {/connector/api/v1/devices, GET} route[39m[38;5;3m +0ms[39m
[32m[Nest] 19608  - [39m09/28/2026, 8:17:50 PM [32m    LOG[39m [38;5;3m[RouterExplorer] [39m[32mMapped {/connector/api/v1/devices/merchant/:merchantId, GET} route[39m[38;5;3m +0ms[39m
[32m[Nest] 19608  - [39m09/28/2026, 8:17:50 PM [32m    LOG[39m [38;5;3m[RouterExplorer] [39m[32mMapped {/connector/api/v1/devices/:deviceId, GET} route[39m[38;5;3m +0ms[39m
[32m[Nest] 19608  - [39m09/28/2026, 8:17:50 PM [32m    LOG[39m [38;5;3m[RouterExplorer] [39m[32mMapped {/connector/api/v1/devices/:deviceId, PUT} route[39m[38;5;3m +1ms[39m
[32m[Nest] 19608  - [39m09/28/2026, 8:17:50 PM [32m    LOG[39m [38;5;3m[RouterExplorer] [39m[32mMapped {/connector/api/v1/devices/:deviceId, PATCH} route[39m[38;5;3m +0ms[39m
[32m[Nest] 19608  - [39m09/28/2026, 8:17:50 PM [32m    LOG[39m [38;5;3m[RouterExplorer] [39m[32mMapped {/connector/api/v1/devices/:deviceId, DELETE} route[39m[38;5;3m +0ms[39m
[32m[Nest] 19608  - [39m09/28/2026, 8:17:50 PM [32m    LOG[39m [38;5;3m[RoutesResolver] [39m[32mDeviceController {/devices}:[39m[38;5;3m +0ms[39m
[32m[Nest] 19608  - [39m09/28/2026, 8:17:50 PM [32m    LOG[39m [38;5;3m[RouterExplorer] [39m[32mMapped {/devices, POST} route[39m[38;5;3m +0ms[39m
[32m[Nest] 19608  - [39m09/28/2026, 8:17:50 PM [32m    LOG[39m [38;5;3m[RouterExplorer] [39m[32mMapped {/devices, GET} route[39m[38;5;3m +0ms[39m
[32m[Nest] 19608  - [39m09/28/2026, 8:17:50 PM [32m    LOG[39m [38;5;3m[RouterExplorer] [39m[32mMapped {/devices/merchant/:merchantId, GET} route[39m[38;5;3m +1ms[39m
[32m[Nest] 19608  - [39m09/28/2026, 8:17:50 PM [32m    LOG[39m [38;5;3m[RouterExplorer] [39m[32mMapped {/devices/:deviceId, GET} route[39m[38;5;3m +0ms[39m
[32m[Nest] 19608  - [39m09/28/2026, 8:17:50 PM [32m    LOG[39m [38;5;3m[RouterExplorer] [39m[32mMapped {/devices/:deviceId, PUT} route[39m[38;5;3m +0ms[39m
[32m[Nest] 19608  - [39m09/28/2026, 8:17:50 PM [32m    LOG[39m [38;5;3m[RouterExplorer] [39m[32mMapped {/devices/:deviceId, PATCH} route[39m[38;5;3m +0ms[39m
[32m[Nest] 19608  - [39m09/28/2026, 8:17:50 PM [32m    LOG[39m [38;5;3m[RouterExplorer] [39m[32mMapped {/devices/:deviceId, DELETE} route[39m[38;5;3m +0ms[39m
[32m[Nest] 19608  - [39m09/28/2026, 8:17:50 PM [32m    LOG[39m [38;5;3m[RoutesResolver] [39m[32mPosCurrencyTaxController {/api/v1/stores/:storeId/pos/currency-tax}:[39m[38;5;3m +0ms[39m
[32m[Nest] 19608  - [39m09/28/2026, 8:17:50 PM [32m    LOG[39m [38;5;3m[RouterExplorer] [39m[32mMapped {/api/v1/stores/:storeId/pos/currency-tax, GET} route[39m[38;5;3m +1ms[39m
[32m[Nest] 19608  - [39m09/28/2026, 8:17:50 PM [32m    LOG[39m [38;5;3m[RouterExplorer] [39m[32mMapped {/api/v1/stores/:storeId/pos/currency-tax, POST} route[39m[38;5;3m +0ms[39m
[32m[Nest] 19608  - [39m09/28/2026, 8:17:50 PM [32m    LOG[39m [38;5;3m[RouterExplorer] [39m[32mMapped {/api/v1/stores/:storeId/pos/currency-tax, PUT} route[39m[38;5;3m +0ms[39m
[32m[Nest] 19608  - [39m09/28/2026, 8:17:50 PM [32m    LOG[39m [38;5;3m[RoutesResolver] [39m[32mPosCurrencyTaxController {/connector/api/v1/stores/:storeId/pos/currency-tax}:[39m[38;5;3m +0ms[39m
[32m[Nest] 19608  - [39m09/28/2026, 8:17:50 PM [32m    LOG[39m [38;5;3m[RouterExplorer] [39m[32mMapped {/connector/api/v1/stores/:storeId/pos/currency-tax, GET} route[39m[38;5;3m +0ms[39m
[32m[Nest] 19608  - [39m09/28/2026, 8:17:50 PM [32m    LOG[39m [38;5;3m[RouterExplorer] [39m[32mMapped {/connector/api/v1/stores/:storeId/pos/currency-tax, POST} route[39m[38;5;3m +1ms[39m
[32m[Nest] 19608  - [39m09/28/2026, 8:17:50 PM [32m    LOG[39m [38;5;3m[RouterExplorer] [39m[32mMapped {/connector/api/v1/stores/:storeId/pos/currency-tax, PUT} route[39m[38;5;3m +0ms[39m
[32m[Nest] 19608  - [39m09/28/2026, 8:17:50 PM [32m    LOG[39m [38;5;3m[RoutesResolver] [39m[32mPosCurrencyTaxController {/stores/:storeId/pos/currency-tax}:[39m[38;5;3m +0ms[39m
[32m[Nest] 19608  - [39m09/28/2026, 8:17:50 PM [32m    LOG[39m [38;5;3m[RouterExplorer] [39m[32mMapped {/stores/:storeId/pos/currency-tax, GET} route[39m[38;5;3m +0ms[39m
[32m[Nest] 19608  - [39m09/28/2026, 8:17:50 PM [32m    LOG[39m [38;5;3m[RouterExplorer] [39m[32mMapped {/stores/:storeId/pos/currency-tax, POST} route[39m[38;5;3m +0ms[39m
[32m[Nest] 19608  - [39m09/28/2026, 8:17:50 PM [32m    LOG[39m [38;5;3m[RouterExplorer] [39m[32mMapped {/stores/:storeId/pos/currency-tax, PUT} route[39m[38;5;3m +0ms[39m
[32m[Nest] 19608  - [39m09/28/2026, 8:17:50 PM [32m    LOG[39m [38;5;3m[RoutesResolver] [39m[32mPosServiceChargeController {/api/v1/stores/:storeId/pos/service-charges}:[39m[38;5;3m +1ms[39m
[32m[Nest] 19608  - [39m09/28/2026, 8:17:50 PM [32m    LOG[39m [38;5;3m[RouterExplorer] [39m[32mMapped {/api/v1/stores/:storeId/pos/service-charges, GET} route[39m[38;5;3m +0ms[39m
[32m[Nest] 19608  - [39m09/28/2026, 8:17:50 PM [32m    LOG[39m [38;5;3m[RouterExplorer] [39m[32mMapped {/api/v1/stores/:storeId/pos/service-charges, POST} route[39m[38;5;3m +0ms[39m
[32m[Nest] 19608  - [39m09/28/2026, 8:17:50 PM [32m    LOG[39m [38;5;3m[RouterExplorer] [39m[32mMapped {/api/v1/stores/:storeId/pos/service-charges, PUT} route[39m[38;5;3m +0ms[39m
[32m[Nest] 19608  - [39m09/28/2026, 8:17:50 PM [32m    LOG[39m [38;5;3m[RoutesResolver] [39m[32mPosServiceChargeController {/connector/api/v1/stores/:storeId/pos/service-charges}:[39m[38;5;3m +0ms[39m
[32m[Nest] 19608  - [39m09/28/2026, 8:17:50 PM [32m    LOG[39m [38;5;3m[RouterExplorer] [39m[32mMapped {/connector/api/v1/stores/:storeId/pos/service-charges, GET} route[39m[38;5;3m +0ms[39m
[32m[Nest] 19608  - [39m09/28/2026, 8:17:50 PM [32m    LOG[39m [38;5;3m[RouterExplorer] [39m[32mMapped {/connector/api/v1/stores/:storeId/pos/service-charges, POST} route[39m[38;5;3m +1ms[39m
[32m[Nest] 19608  - [39m09/28/2026, 8:17:50 PM [32m    LOG[39m [38;5;3m[RouterExplorer] [39m[32mMapped {/connector/api/v1/stores/:storeId/pos/service-charges, PUT} route[39m[38;5;3m +0ms[39m
[32m[Nest] 19608  - [39m09/28/2026, 8:17:50 PM [32m    LOG[39m [38;5;3m[RoutesResolver] [39m[32mPosServiceChargeController {/stores/:storeId/pos/service-charges}:[39m[38;5;3m +0ms[39m
[32m[Nest] 19608  - [39m09/28/2026, 8:17:50 PM [32m    LOG[39m [38;5;3m[RouterExplorer] [39m[32mMapped {/stores/:storeId/pos/service-charges, GET} route[39m[38;5;3m +0ms[39m
[32m[Nest] 19608  - [39m09/28/2026, 8:17:50 PM [32m    LOG[39m [38;5;3m[RouterExplorer] [39m[32mMapped {/stores/:storeId/pos/service-charges, POST} route[39m[38;5;3m +0ms[39m
[32m[Nest] 19608  - [39m09/28/2026, 8:17:50 PM [32m    LOG[39m [38;5;3m[RouterExplorer] [39m[32mMapped {/stores/:storeId/pos/service-charges, PUT} route[39m[38;5;3m +0ms[39m
[32m[Nest] 19608  - [39m09/28/2026, 8:17:50 PM [32m    LOG[39m [38;5;3m[RoutesResolver] [39m[32mPosCashbackController {/api/v1/stores/:storeId/pos/cashback}:[39m[38;5;3m +1ms[39m
[32m[Nest] 19608  - [39m09/28/2026, 8:17:50 PM [32m    LOG[39m [38;5;3m[RouterExplorer] [39m[32mMapped {/api/v1/stores/:storeId/pos/cashback, GET} route[39m[38;5;3m +0ms[39m
[32m[Nest] 19608  - [39m09/28/2026, 8:17:50 PM [32m    LOG[39m [38;5;3m[RouterExplorer] [39m[32mMapped {/api/v1/stores/:storeId/pos/cashback, POST} route[39m[38;5;3m +0ms[39m
[32m[Nest] 19608  - [39m09/28/2026, 8:17:50 PM [32m    LOG[39m [38;5;3m[RouterExplorer] [39m[32mMapped {/api/v1/stores/:storeId/pos/cashback, PUT} route[39m[38;5;3m +0ms[39m
[32m[Nest] 19608  - [39m09/28/2026, 8:17:50 PM [32m    LOG[39m [38;5;3m[RoutesResolver] [39m[32mPosCashbackController {/connector/api/v1/stores/:storeId/pos/cashback}:[39m[38;5;3m +0ms[39m
[32m[Nest] 19608  - [39m09/28/2026, 8:17:50 PM [32m    LOG[39m [38;5;3m[RouterExplorer] [39m[32mMapped {/connector/api/v1/stores/:storeId/pos/cashback, GET} route[39m[38;5;3m +1ms[39m
[32m[Nest] 19608  - [39m09/28/2026, 8:17:50 PM [32m    LOG[39m [38;5;3m[RouterExplorer] [39m[32mMapped {/connector/api/v1/stores/:storeId/pos/cashback, POST} route[39m[38;5;3m +0ms[39m
[32m[Nest] 19608  - [39m09/28/2026, 8:17:50 PM [32m    LOG[39m [38;5;3m[RouterExplorer] [39m[32mMapped {/connector/api/v1/stores/:storeId/pos/cashback, PUT} route[39m[38;5;3m +0ms[39m
[32m[Nest] 19608  - [39m09/28/2026, 8:17:50 PM [32m    LOG[39m [38;5;3m[RoutesResolver] [39m[32mPosCashbackController {/stores/:storeId/pos/cashback}:[39m[38;5;3m +0ms[39m
[32m[Nest] 19608  - [39m09/28/2026, 8:17:50 PM [32m    LOG[39m [38;5;3m[RouterExplorer] [39m[32mMapped {/stores/:storeId/pos/cashback, GET} route[39m[38;5;3m +0ms[39m
[32m[Nest] 19608  - [39m09/28/2026, 8:17:50 PM [32m    LOG[39m [38;5;3m[RouterExplorer] [39m[32mMapped {/stores/:storeId/pos/cashback, POST} route[39m[38;5;3m +0ms[39m
[32m[Nest] 19608  - [39m09/28/2026, 8:17:50 PM [32m    LOG[39m [38;5;3m[RouterExplorer] [39m[32mMapped {/stores/:storeId/pos/cashback, PUT} route[39m[38;5;3m +1ms[39m
[32m[Nest] 19608  - [39m09/28/2026, 8:17:50 PM [32m    LOG[39m [38;5;3m[RoutesResolver] [39m[32mPosOpeningBalanceController {/api/v1/stores/:storeId/pos/opening-balance}:[39m[38;5;3m +0ms[39m
[32m[Nest] 19608  - [39m09/28/2026, 8:17:50 PM [32m    LOG[39m [38;5;3m[RouterExplorer] [39m[32mMapped {/api/v1/stores/:storeId/pos/opening-balance, GET} route[39m[38;5;3m +0ms[39m
[32m[Nest] 19608  - [39m09/28/2026, 8:17:50 PM [32m    LOG[39m [38;5;3m[RouterExplorer] [39m[32mMapped {/api/v1/stores/:storeId/pos/opening-balance, POST} route[39m[38;5;3m +0ms[39m
[32m[Nest] 19608  - [39m09/28/2026, 8:17:50 PM [32m    LOG[39m [38;5;3m[RouterExplorer] [39m[32mMapped {/api/v1/stores/:storeId/pos/opening-balance, PUT} route[39m[38;5;3m +0ms[39m
[32m[Nest] 19608  - [39m09/28/2026, 8:17:50 PM [32m    LOG[39m [38;5;3m[RoutesResolver] [39m[32mPosOpeningBalanceController {/connector/api/v1/stores/:storeId/pos/opening-balance}:[39m[38;5;3m +1ms[39m
[32m[Nest] 19608  - [39m09/28/2026, 8:17:50 PM [32m    LOG[39m [38;5;3m[RouterExplorer] [39m[32mMapped {/connector/api/v1/stores/:storeId/pos/opening-balance, GET} route[39m[38;5;3m +0ms[39m
[32m[Nest] 19608  - [39m09/28/2026, 8:17:50 PM [32m    LOG[39m [38;5;3m[RouterExplorer] [39m[32mMapped {/connector/api/v1/stores/:storeId/pos/opening-balance, POST} route[39m[38;5;3m +0ms[39m
[32m[Nest] 19608  - [39m09/28/2026, 8:17:50 PM [32m    LOG[39m [38;5;3m[RouterExplorer] [39m[32mMapped {/connector/api/v1/stores/:storeId/pos/opening-balance, PUT} route[39m[38;5;3m +0ms[39m
[32m[Nest] 19608  - [39m09/28/2026, 8:17:50 PM [32m    LOG[39m [38;5;3m[RoutesResolver] [39m[32mPosOpeningBalanceController {/stores/:storeId/pos/opening-balance}:[39m[38;5;3m +0ms[39m
[32m[Nest] 19608  - [39m09/28/2026, 8:17:50 PM [32m    LOG[39m [38;5;3m[RouterExplorer] [39m[32mMapped {/stores/:storeId/pos/opening-balance, GET} route[39m[38;5;3m +0ms[39m
[32m[Nest] 19608  - [39m09/28/2026, 8:17:50 PM [32m    LOG[39m [38;5;3m[RouterExplorer] [39m[32mMapped {/stores/:storeId/pos/opening-balance, POST} route[39m[38;5;3m +1ms[39m
[32m[Nest] 19608  - [39m09/28/2026, 8:17:50 PM [32m    LOG[39m [38;5;3m[RouterExplorer] [39m[32mMapped {/stores/:storeId/pos/opening-balance, PUT} route[39m[38;5;3m +0ms[39m
[32m[Nest] 19608  - [39m09/28/2026, 8:17:50 PM [32m    LOG[39m [38;5;3m[RoutesResolver] [39m[32mPosCashDenominationController {/api/v1/stores/:storeId/pos/cash-denominations}:[39m[38;5;3m +0ms[39m
[32m[Nest] 19608  - [39m09/28/2026, 8:17:50 PM [32m    LOG[39m [38;5;3m[RouterExplorer] [39m[32mMapped {/api/v1/stores/:storeId/pos/cash-denominations, GET} route[39m[38;5;3m +0ms[39m
[32m[Nest] 19608  - [39m09/28/2026, 8:17:50 PM [32m    LOG[39m [38;5;3m[RouterExplorer] [39m[32mMapped {/api/v1/stores/:storeId/pos/cash-denominations, POST} route[39m[38;5;3m +0ms[39m
[32m[Nest] 19608  - [39m09/28/2026, 8:17:50 PM [32m    LOG[39m [38;5;3m[RouterExplorer] [39m[32mMapped {/api/v1/stores/:storeId/pos/cash-denominations, PUT} route[39m[38;5;3m +0ms[39m
[32m[Nest] 19608  - [39m09/28/2026, 8:17:50 PM [32m    LOG[39m [38;5;3m[RoutesResolver] [39m[32mPosCashDenominationController {/connector/api/v1/stores/:storeId/pos/cash-denominations}:[39m[38;5;3m +1ms[39m
[32m[Nest] 19608  - [39m09/28/2026, 8:17:50 PM [32m    LOG[39m [38;5;3m[RouterExplorer] [39m[32mMapped {/connector/api/v1/stores/:storeId/pos/cash-denominations, GET} route[39m[38;5;3m +0ms[39m
[32m[Nest] 19608  - [39m09/28/2026, 8:17:50 PM [32m    LOG[39m [38;5;3m[RouterExplorer] [39m[32mMapped {/connector/api/v1/stores/:storeId/pos/cash-denominations, POST} route[39m[38;5;3m +0ms[39m
[32m[Nest] 19608  - [39m09/28/2026, 8:17:50 PM [32m    LOG[39m [38;5;3m[RouterExplorer] [39m[32mMapped {/connector/api/v1/stores/:storeId/pos/cash-denominations, PUT} route[39m[38;5;3m +0ms[39m
[32m[Nest] 19608  - [39m09/28/2026, 8:17:50 PM [32m    LOG[39m [38;5;3m[RoutesResolver] [39m[32mPosCashDenominationController {/stores/:storeId/pos/cash-denominations}:[39m[38;5;3m +0ms[39m
[32m[Nest] 19608  - [39m09/28/2026, 8:17:50 PM [32m    LOG[39m [38;5;3m[RouterExplorer] [39m[32mMapped {/stores/:storeId/pos/cash-denominations, GET} route[39m[38;5;3m +1ms[39m
[32m[Nest] 19608  - [39m09/28/2026, 8:17:50 PM [32m    LOG[39m [38;5;3m[RouterExplorer] [39m[32mMapped {/stores/:storeId/pos/cash-denominations, POST} route[39m[38;5;3m +0ms[39m
[32m[Nest] 19608  - [39m09/28/2026, 8:17:50 PM [32m    LOG[39m [38;5;3m[RouterExplorer] [39m[32mMapped {/stores/:storeId/pos/cash-denominations, PUT} route[39m[38;5;3m +0ms[39m
[32m[Nest] 19608  - [39m09/28/2026, 8:17:50 PM [32m    LOG[39m [38;5;3m[RoutesResolver] [39m[32mPosCashRegisterController {/api/v1/stores/:storeId/pos/cash-registers}:[39m[38;5;3m +0ms[39m
[32m[Nest] 19608  - [39m09/28/2026, 8:17:50 PM [32m    LOG[39m [38;5;3m[RouterExplorer] [39m[32mMapped {/api/v1/stores/:storeId/pos/cash-registers, GET} route[39m[38;5;3m +0ms[39m
[32m[Nest] 19608  - [39m09/28/2026, 8:17:50 PM [32m    LOG[39m [38;5;3m[RouterExplorer] [39m[32mMapped {/api/v1/stores/:storeId/pos/cash-registers, POST} route[39m[38;5;3m +0ms[39m
[32m[Nest] 19608  - [39m09/28/2026, 8:17:50 PM [32m    LOG[39m [38;5;3m[RouterExplorer] [39m[32mMapped {/api/v1/stores/:storeId/pos/cash-registers, PUT} route[39m[38;5;3m +1ms[39m
[32m[Nest] 19608  - [39m09/28/2026, 8:17:50 PM [32m    LOG[39m [38;5;3m[RoutesResolver] [39m[32mPosCashRegisterController {/connector/api/v1/stores/:storeId/pos/cash-registers}:[39m[38;5;3m +0ms[39m
[32m[Nest] 19608  - [39m09/28/2026, 8:17:50 PM [32m    LOG[39m [38;5;3m[RouterExplorer] [39m[32mMapped {/connector/api/v1/stores/:storeId/pos/cash-registers, GET} route[39m[38;5;3m +0ms[39m
[32m[Nest] 19608  - [39m09/28/2026, 8:17:50 PM [32m    LOG[39m [38;5;3m[RouterExplorer] [39m[32mMapped {/connector/api/v1/stores/:storeId/pos/cash-registers, POST} route[39m[38;5;3m +1ms[39m
[32m[Nest] 19608  - [39m09/28/2026, 8:17:50 PM [32m    LOG[39m [38;5;3m[RouterExplorer] [39m[32mMapped {/connector/api/v1/stores/:storeId/pos/cash-registers, PUT} route[39m[38;5;3m +0ms[39m
[32m[Nest] 19608  - [39m09/28/2026, 8:17:50 PM [32m    LOG[39m [38;5;3m[RoutesResolver] [39m[32mPosCashRegisterController {/stores/:storeId/pos/cash-registers}:[39m[38;5;3m +0ms[39m
[32m[Nest] 19608  - [39m09/28/2026, 8:17:50 PM [32m    LOG[39m [38;5;3m[RouterExplorer] [39m[32mMapped {/stores/:storeId/pos/cash-registers, GET} route[39m[38;5;3m +0ms[39m
[32m[Nest] 19608  - [39m09/28/2026, 8:17:50 PM [32m    LOG[39m [38;5;3m[RouterExplorer] [39m[32mMapped {/stores/:storeId/pos/cash-registers, POST} route[39m[38;5;3m +0ms[39m
[32m[Nest] 19608  - [39m09/28/2026, 8:17:50 PM [32m    LOG[39m [38;5;3m[RouterExplorer] [39m[32mMapped {/stores/:storeId/pos/cash-registers, PUT} route[39m[38;5;3m +1ms[39m
[32m[Nest] 19608  - [39m09/28/2026, 8:17:50 PM [32m    LOG[39m [38;5;3m[RoutesResolver] [39m[32mPosSafeDropController {/api/v1/stores/:storeId/pos/safe-drop}:[39m[38;5;3m +0ms[39m
[32m[Nest] 19608  - [39m09/28/2026, 8:17:50 PM [32m    LOG[39m [38;5;3m[RouterExplorer] [39m[32mMapped {/api/v1/stores/:storeId/pos/safe-drop, GET} route[39m[38;5;3m +0ms[39m
[32m[Nest] 19608  - [39m09/28/2026, 8:17:50 PM [32m    LOG[39m [38;5;3m[RouterExplorer] [39m[32mMapped {/api/v1/stores/:storeId/pos/safe-drop, POST} route[39m[38;5;3m +0ms[39m
[32m[Nest] 19608  - [39m09/28/2026, 8:17:50 PM [32m    LOG[39m [38;5;3m[RouterExplorer] [39m[32mMapped {/api/v1/stores/:storeId/pos/safe-drop, PUT} route[39m[38;5;3m +0ms[39m
[32m[Nest] 19608  - [39m09/28/2026, 8:17:50 PM [32m    LOG[39m [38;5;3m[RoutesResolver] [39m[32mPosSafeDropController {/connector/api/v1/stores/:storeId/pos/safe-drop}:[39m[38;5;3m +0ms[39m
[32m[Nest] 19608  - [39m09/28/2026, 8:17:50 PM [32m    LOG[39m [38;5;3m[RouterExplorer] [39m[32mMapped {/connector/api/v1/stores/:storeId/pos/safe-drop, GET} route[39m[38;5;3m +1ms[39m
[32m[Nest] 19608  - [39m09/28/2026, 8:17:50 PM [32m    LOG[39m [38;5;3m[RouterExplorer] [39m[32mMapped {/connector/api/v1/stores/:storeId/pos/safe-drop, POST} route[39m[38;5;3m +0ms[39m
[32m[Nest] 19608  - [39m09/28/2026, 8:17:50 PM [32m    LOG[39m [38;5;3m[RouterExplorer] [39m[32mMapped {/connector/api/v1/stores/:storeId/pos/safe-drop, PUT} route[39m[38;5;3m +0ms[39m
[32m[Nest] 19608  - [39m09/28/2026, 8:17:50 PM [32m    LOG[39m [38;5;3m[RoutesResolver] [39m[32mPosSafeDropController {/stores/:storeId/pos/safe-drop}:[39m[38;5;3m +0ms[39m
[32m[Nest] 19608  - [39m09/28/2026, 8:17:50 PM [32m    LOG[39m [38;5;3m[RouterExplorer] [39m[32mMapped {/stores/:storeId/pos/safe-drop, GET} route[39m[38;5;3m +0ms[39m
[32m[Nest] 19608  - [39m09/28/2026, 8:17:50 PM [32m    LOG[39m [38;5;3m[RouterExplorer] [39m[32mMapped {/stores/:storeId/pos/safe-drop, POST} route[39m[38;5;3m +1ms[39m
[32m[Nest] 19608  - [39m09/28/2026, 8:17:50 PM [32m    LOG[39m [38;5;3m[RouterExplorer] [39m[32mMapped {/stores/:storeId/pos/safe-drop, PUT} route[39m[38;5;3m +0ms[39m
[32m[Nest] 19608  - [39m09/28/2026, 8:17:50 PM [32m    LOG[39m [38;5;3m[RoutesResolver] [39m[32mPosCardPaymentController {/api/v1/stores/:storeId/pos/card-payments}:[39m[38;5;3m +0ms[39m
[32m[Nest] 19608  - [39m09/28/2026, 8:17:50 PM [32m    LOG[39m [38;5;3m[RouterExplorer] [39m[32mMapped {/api/v1/stores/:storeId/pos/card-payments, GET} route[39m[38;5;3m +0ms[39m
[32m[Nest] 19608  - [39m09/28/2026, 8:17:50 PM [32m    LOG[39m [38;5;3m[RouterExplorer] [39m[32mMapped {/api/v1/stores/:storeId/pos/card-payments, POST} route[39m[38;5;3m +0ms[39m
[32m[Nest] 19608  - [39m09/28/2026, 8:17:50 PM [32m    LOG[39m [38;5;3m[RouterExplorer] [39m[32mMapped {/api/v1/stores/:storeId/pos/card-payments, PUT} route[39m[38;5;3m +0ms[39m
[32m[Nest] 19608  - [39m09/28/2026, 8:17:50 PM [32m    LOG[39m [38;5;3m[RoutesResolver] [39m[32mPosCardPaymentController {/connector/api/v1/stores/:storeId/pos/card-payments}:[39m[38;5;3m +1ms[39m
[32m[Nest] 19608  - [39m09/28/2026, 8:17:50 PM [32m    LOG[39m [38;5;3m[RouterExplorer] [39m[32mMapped {/connector/api/v1/stores/:storeId/pos/card-payments, GET} route[39m[38;5;3m +0ms[39m
[32m[Nest] 19608  - [39m09/28/2026, 8:17:50 PM [32m    LOG[39m [38;5;3m[RouterExplorer] [39m[32mMapped {/connector/api/v1/stores/:storeId/pos/card-payments, POST} route[39m[38;5;3m +0ms[39m
[32m[Nest] 19608  - [39m09/28/2026, 8:17:50 PM [32m    LOG[39m [38;5;3m[RouterExplorer] [39m[32mMapped {/connector/api/v1/stores/:storeId/pos/card-payments, PUT} route[39m[38;5;3m +0ms[39m
[32m[Nest] 19608  - [39m09/28/2026, 8:17:50 PM [32m    LOG[39m [38;5;3m[RoutesResolver] [39m[32mPosCardPaymentController {/stores/:storeId/pos/card-payments}:[39m[38;5;3m +0ms[39m
[32m[Nest] 19608  - [39m09/28/2026, 8:17:50 PM [32m    LOG[39m [38;5;3m[RouterExplorer] [39m[32mMapped {/stores/:storeId/pos/card-payments, GET} route[39m[38;5;3m +1ms[39m
[32m[Nest] 19608  - [39m09/28/2026, 8:17:50 PM [32m    LOG[39m [38;5;3m[RouterExplorer] [39m[32mMapped {/stores/:storeId/pos/card-payments, POST} route[39m[38;5;3m +0ms[39m
[32m[Nest] 19608  - [39m09/28/2026, 8:17:50 PM [32m    LOG[39m [38;5;3m[RouterExplorer] [39m[32mMapped {/stores/:storeId/pos/card-payments, PUT} route[39m[38;5;3m +0ms[39m
[32m[Nest] 19608  - [39m09/28/2026, 8:17:50 PM [32m    LOG[39m [38;5;3m[RoutesResolver] [39m[32mPosTerminalMappingController {/api/v1/stores/:storeId/pos/terminal-mappings}:[39m[38;5;3m +0ms[39m
[32m[Nest] 19608  - [39m09/28/2026, 8:17:50 PM [32m    LOG[39m [38;5;3m[RouterExplorer] [39m[32mMapped {/api/v1/stores/:storeId/pos/terminal-mappings, GET} route[39m[38;5;3m +0ms[39m
[32m[Nest] 19608  - [39m09/28/2026, 8:17:50 PM [32m    LOG[39m [38;5;3m[RouterExplorer] [39m[32mMapped {/api/v1/stores/:storeId/pos/terminal-mappings, POST} route[39m[38;5;3m +0ms[39m
[32m[Nest] 19608  - [39m09/28/2026, 8:17:50 PM [32m    LOG[39m [38;5;3m[RouterExplorer] [39m[32mMapped {/api/v1/stores/:storeId/pos/terminal-mappings, PUT} route[39m[38;5;3m +1ms[39m
[32m[Nest] 19608  - [39m09/28/2026, 8:17:50 PM [32m    LOG[39m [38;5;3m[RoutesResolver] [39m[32mPosTerminalMappingController {/connector/api/v1/stores/:storeId/pos/terminal-mappings}:[39m[38;5;3m +0ms[39m
[32m[Nest] 19608  - [39m09/28/2026, 8:17:50 PM [32m    LOG[39m [38;5;3m[RouterExplorer] [39m[32mMapped {/connector/api/v1/stores/:storeId/pos/terminal-mappings, GET} route[39m[38;5;3m +0ms[39m
[32m[Nest] 19608  - [39m09/28/2026, 8:17:50 PM [32m    LOG[39m [38;5;3m[RouterExplorer] [39m[32mMapped {/connector/api/v1/stores/:storeId/pos/terminal-mappings, POST} route[39m[38;5;3m +0ms[39m
[32m[Nest] 19608  - [39m09/28/2026, 8:17:50 PM [32m    LOG[39m [38;5;3m[RouterExplorer] [39m[32mMapped {/connector/api/v1/stores/:storeId/pos/terminal-mappings, PUT} route[39m[38;5;3m +0ms[39m
[32m[Nest] 19608  - [39m09/28/2026, 8:17:50 PM [32m    LOG[39m [38;5;3m[RoutesResolver] [39m[32mPosTerminalMappingController {/stores/:storeId/pos/terminal-mappings}:[39m[38;5;3m +0ms[39m
[32m[Nest] 19608  - [39m09/28/2026, 8:17:50 PM [32m    LOG[39m [38;5;3m[RouterExplorer] [39m[32mMapped {/stores/:storeId/pos/terminal-mappings, GET} route[39m[38;5;3m +1ms[39m
[32m[Nest] 19608  - [39m09/28/2026, 8:17:50 PM [32m    LOG[39m [38;5;3m[RouterExplorer] [39m[32mMapped {/stores/:storeId/pos/terminal-mappings, POST} route[39m[38;5;3m +0ms[39m
[32m[Nest] 19608  - [39m09/28/2026, 8:17:50 PM [32m    LOG[39m [38;5;3m[RouterExplorer] [39m[32mMapped {/stores/:storeId/pos/terminal-mappings, PUT} route[39m[38;5;3m +0ms[39m
[32m[Nest] 19608  - [39m09/28/2026, 8:17:50 PM [32m    LOG[39m [38;5;3m[RoutesResolver] [39m[32mStoreTypeController {/api/v1/store-types}:[39m[38;5;3m +0ms[39m
[32m[Nest] 19608  - [39m09/28/2026, 8:17:50 PM [32m    LOG[39m [38;5;3m[RouterExplorer] [39m[32mMapped {/api/v1/store-types, GET} route[39m[38;5;3m +0ms[39m
[32m[Nest] 19608  - [39m09/28/2026, 8:17:50 PM [32m    LOG[39m [38;5;3m[RouterExplorer] [39m[32mMapped {/api/v1/store-types/:idOrCode, GET} route[39m[38;5;3m +1ms[39m
[32m[Nest] 19608  - [39m09/28/2026, 8:17:50 PM [32m    LOG[39m [38;5;3m[RouterExplorer] [39m[32mMapped {/api/v1/store-types, POST} route[39m[38;5;3m +0ms[39m
[32m[Nest] 19608  - [39m09/28/2026, 8:17:50 PM [32m    LOG[39m [38;5;3m[RouterExplorer] [39m[32mMapped {/api/v1/store-types/:idOrCode, PUT} route[39m[38;5;3m +0ms[39m
[32m[Nest] 19608  - [39m09/28/2026, 8:17:50 PM [32m    LOG[39m [38;5;3m[RouterExplorer] [39m[32mMapped {/api/v1/store-types/:idOrCode, PATCH} route[39m[38;5;3m +0ms[39m
[32m[Nest] 19608  - [39m09/28/2026, 8:17:50 PM [32m    LOG[39m [38;5;3m[RouterExplorer] [39m[32mMapped {/api/v1/store-types/:idOrCode/status, PUT} route[39m[38;5;3m +0ms[39m
[32m[Nest] 19608  - [39m09/28/2026, 8:17:50 PM [32m    LOG[39m [38;5;3m[RouterExplorer] [39m[32mMapped {/api/v1/store-types/:idOrCode/status, PATCH} route[39m[38;5;3m +1ms[39m
[32m[Nest] 19608  - [39m09/28/2026, 8:17:50 PM [32m    LOG[39m [38;5;3m[RouterExplorer] [39m[32mMapped {/api/v1/store-types/:idOrCode, DELETE} route[39m[38;5;3m +0ms[39m
[32m[Nest] 19608  - [39m09/28/2026, 8:17:50 PM [32m    LOG[39m [38;5;3m[RouterExplorer] [39m[32mMapped {/api/v1/store-types/dummy-test, POST} route[39m[38;5;3m +0ms[39m
[32m[Nest] 19608  - [39m09/28/2026, 8:17:50 PM [32m    LOG[39m [38;5;3m[RoutesResolver] [39m[32mStoreTypeController {/api/v1/store_types}:[39m[38;5;3m +0ms[39m
[32m[Nest] 19608  - [39m09/28/2026, 8:17:50 PM [32m    LOG[39m [38;5;3m[RouterExplorer] [39m[32mMapped {/api/v1/store_types, GET} route[39m[38;5;3m +0ms[39m
[32m[Nest] 19608  - [39m09/28/2026, 8:17:50 PM [32m    LOG[39m [38;5;3m[RouterExplorer] [39m[32mMapped {/api/v1/store_types/:idOrCode, GET} route[39m[38;5;3m +0ms[39m
[32m[Nest] 19608  - [39m09/28/2026, 8:17:50 PM [32m    LOG[39m [38;5;3m[RouterExplorer] [39m[32mMapped {/api/v1/store_types, POST} route[39m[38;5;3m +1ms[39m
[32m[Nest] 19608  - [39m09/28/2026, 8:17:50 PM [32m    LOG[39m [38;5;3m[RouterExplorer] [39m[32mMapped {/api/v1/store_types/:idOrCode, PUT} route[39m[38;5;3m +0ms[39m
[32m[Nest] 19608  - [39m09/28/2026, 8:17:50 PM [32m    LOG[39m [38;5;3m[RouterExplorer] [39m[32mMapped {/api/v1/store_types/:idOrCode, PATCH} route[39m[38;5;3m +0ms[39m
[32m[Nest] 19608  - [39m09/28/2026, 8:17:50 PM [32m    LOG[39m [38;5;3m[RouterExplorer] [39m[32mMapped {/api/v1/store_types/:idOrCode/status, PUT} route[39m[38;5;3m +0ms[39m
[32m[Nest] 19608  - [39m09/28/2026, 8:17:50 PM [32m    LOG[39m [38;5;3m[RouterExplorer] [39m[32mMapped {/api/v1/store_types/:idOrCode/status, PATCH} route[39m[38;5;3m +0ms[39m
[32m[Nest] 19608  - [39m09/28/2026, 8:17:50 PM [32m    LOG[39m [38;5;3m[RouterExplorer] [39m[32mMapped {/api/v1/store_types/:idOrCode, DELETE} route[39m[38;5;3m +1ms[39m
[32m[Nest] 19608  - [39m09/28/2026, 8:17:50 PM [32m    LOG[39m [38;5;3m[RouterExplorer] [39m[32mMapped {/api/v1/store_types/dummy-test, POST} route[39m[38;5;3m +0ms[39m
[32m[Nest] 19608  - [39m09/28/2026, 8:17:50 PM [32m    LOG[39m [38;5;3m[RoutesResolver] [39m[32mStoreTypeController {/connector/api/v1/store-types}:[39m[38;5;3m +0ms[39m
[32m[Nest] 19608  - [39m09/28/2026, 8:17:50 PM [32m    LOG[39m [38;5;3m[RouterExplorer] [39m[32mMapped {/connector/api/v1/store-types, GET} route[39m[38;5;3m +0ms[39m
[32m[Nest] 19608  - [39m09/28/2026, 8:17:50 PM [32m    LOG[39m [38;5;3m[RouterExplorer] [39m[32mMapped {/connector/api/v1/store-types/:idOrCode, GET} route[39m[38;5;3m +0ms[39m
[32m[Nest] 19608  - [39m09/28/2026, 8:17:50 PM [32m    LOG[39m [38;5;3m[RouterExplorer] [39m[32mMapped {/connector/api/v1/store-types, POST} route[39m[38;5;3m +0ms[39m
[32m[Nest] 19608  - [39m09/28/2026, 8:17:50 PM [32m    LOG[39m [38;5;3m[RouterExplorer] [39m[32mMapped {/connector/api/v1/store-types/:idOrCode, PUT} route[39m[38;5;3m +1ms[39m
[32m[Nest] 19608  - [39m09/28/2026, 8:17:50 PM [32m    LOG[39m [38;5;3m[RouterExplorer] [39m[32mMapped {/connector/api/v1/store-types/:idOrCode, PATCH} route[39m[38;5;3m +0ms[39m
[32m[Nest] 19608  - [39m09/28/2026, 8:17:50 PM [32m    LOG[39m [38;5;3m[RouterExplorer] [39m[32mMapped {/connector/api/v1/store-types/:idOrCode/status, PUT} route[39m[38;5;3m +0ms[39m
[32m[Nest] 19608  - [39m09/28/2026, 8:17:50 PM [32m    LOG[39m [38;5;3m[RouterExplorer] [39m[32mMapped {/connector/api/v1/store-types/:idOrCode/status, PATCH} route[39m[38;5;3m +0ms[39m
[32m[Nest] 19608  - [39m09/28/2026, 8:17:50 PM [32m    LOG[39m [38;5;3m[RouterExplorer] [39m[32mMapped {/connector/api/v1/store-types/:idOrCode, DELETE} route[39m[38;5;3m +0ms[39m
[32m[Nest] 19608  - [39m09/28/2026, 8:17:50 PM [32m    LOG[39m [38;5;3m[RouterExplorer] [39m[32mMapped {/connector/api/v1/store-types/dummy-test, POST} route[39m[38;5;3m +1ms[39m
[32m[Nest] 19608  - [39m09/28/2026, 8:17:50 PM [32m    LOG[39m [38;5;3m[RoutesResolver] [39m[32mStoreTypeController {/connector/api/v1/store_types}:[39m[38;5;3m +0ms[39m
[32m[Nest] 19608  - [39m09/28/2026, 8:17:50 PM [32m    LOG[39m [38;5;3m[RouterExplorer] [39m[32mMapped {/connector/api/v1/store_types, GET} route[39m[38;5;3m +0ms[39m
[32m[Nest] 19608  - [39m09/28/2026, 8:17:50 PM [32m    LOG[39m [38;5;3m[RouterExplorer] [39m[32mMapped {/connector/api/v1/store_types/:idOrCode, GET} route[39m[38;5;3m +0ms[39m
[32m[Nest] 19608  - [39m09/28/2026, 8:17:50 PM [32m    LOG[39m [38;5;3m[RouterExplorer] [39m[32mMapped {/connector/api/v1/store_types, POST} route[39m[38;5;3m +0ms[39m
[32m[Nest] 19608  - [39m09/28/2026, 8:17:50 PM [32m    LOG[39m [38;5;3m[RouterExplorer] [39m[32mMapped {/connector/api/v1/store_types/:idOrCode, PUT} route[39m[38;5;3m +1ms[39m
[32m[Nest] 19608  - [39m09/28/2026, 8:17:50 PM [32m    LOG[39m [38;5;3m[RouterExplorer] [39m[32mMapped {/connector/api/v1/store_types/:idOrCode, PATCH} route[39m[38;5;3m +0ms[39m
[32m[Nest] 19608  - [39m09/28/2026, 8:17:50 PM [32m    LOG[39m [38;5;3m[RouterExplorer] [39m[32mMapped {/connector/api/v1/store_types/:idOrCode/status, PUT} route[39m[38;5;3m +0ms[39m
[32m[Nest] 19608  - [39m09/28/2026, 8:17:50 PM [32m    LOG[39m [38;5;3m[RouterExplorer] [39m[32mMapped {/connector/api/v1/store_types/:idOrCode/status, PATCH} route[39m[38;5;3m +0ms[39m
[32m[Nest] 19608  - [39m09/28/2026, 8:17:50 PM [32m    LOG[39m [38;5;3m[RouterExplorer] [39m[32mMapped {/connector/api/v1/store_types/:idOrCode, DELETE} route[39m[38;5;3m +0ms[39m
[32m[Nest] 19608  - [39m09/28/2026, 8:17:50 PM [32m    LOG[39m [38;5;3m[RouterExplorer] [39m[32mMapped {/connector/api/v1/store_types/dummy-test, POST} route[39m[38;5;3m +1ms[39m
[32m[Nest] 19608  - [39m09/28/2026, 8:17:50 PM [32m    LOG[39m [38;5;3m[RoutesResolver] [39m[32mStoreTypeController {/store-types}:[39m[38;5;3m +0ms[39m
[32m[Nest] 19608  - [39m09/28/2026, 8:17:50 PM [32m    LOG[39m [38;5;3m[RouterExplorer] [39m[32mMapped {/store-types, GET} route[39m[38;5;3m +0ms[39m
[32m[Nest] 19608  - [39m09/28/2026, 8:17:50 PM [32m    LOG[39m [38;5;3m[RouterExplorer] [39m[32mMapped {/store-types/:idOrCode, GET} route[39m[38;5;3m +0ms[39m
[32m[Nest] 19608  - [39m09/28/2026, 8:17:50 PM [32m    LOG[39m [38;5;3m[RouterExplorer] [39m[32mMapped {/store-types, POST} route[39m[38;5;3m +1ms[39m
[32m[Nest] 19608  - [39m09/28/2026, 8:17:50 PM [32m    LOG[39m [38;5;3m[RouterExplorer] [39m[32mMapped {/store-types/:idOrCode, PUT} route[39m[38;5;3m +0ms[39m
[32m[Nest] 19608  - [39m09/28/2026, 8:17:50 PM [32m    LOG[39m [38;5;3m[RouterExplorer] [39m[32mMapped {/store-types/:idOrCode, PATCH} route[39m[38;5;3m +0ms[39m
[32m[Nest] 19608  - [39m09/28/2026, 8:17:50 PM [32m    LOG[39m [38;5;3m[RouterExplorer] [39m[32mMapped {/store-types/:idOrCode/status, PUT} route[39m[38;5;3m +0ms[39m
[32m[Nest] 19608  - [39m09/28/2026, 8:17:50 PM [32m    LOG[39m [38;5;3m[RouterExplorer] [39m[32mMapped {/store-types/:idOrCode/status, PATCH} route[39m[38;5;3m +1ms[39m
[32m[Nest] 19608  - [39m09/28/2026, 8:17:50 PM [32m    LOG[39m [38;5;3m[RouterExplorer] [39m[32mMapped {/store-types/:idOrCode, DELETE} route[39m[38;5;3m +0ms[39m
[32m[Nest] 19608  - [39m09/28/2026, 8:17:50 PM [32m    LOG[39m [38;5;3m[RouterExplorer] [39m[32mMapped {/store-types/dummy-test, POST} route[39m[38;5;3m +0ms[39m
[32m[Nest] 19608  - [39m09/28/2026, 8:17:50 PM [32m    LOG[39m [38;5;3m[RoutesResolver] [39m[32mStoreTypeController {/store_types}:[39m[38;5;3m +0ms[39m
[32m[Nest] 19608  - [39m09/28/2026, 8:17:50 PM [32m    LOG[39m [38;5;3m[RouterExplorer] [39m[32mMapped {/store_types, GET} route[39m[38;5;3m +0ms[39m
[32m[Nest] 19608  - [39m09/28/2026, 8:17:50 PM [32m    LOG[39m [38;5;3m[RouterExplorer] [39m[32mMapped {/store_types/:idOrCode, GET} route[39m[38;5;3m +0ms[39m
[32m[Nest] 19608  - [39m09/28/2026, 8:17:50 PM [32m    LOG[39m [38;5;3m[RouterExplorer] [39m[32mMapped {/store_types, POST} route[39m[38;5;3m +1ms[39m
[32m[Nest] 19608  - [39m09/28/2026, 8:17:50 PM [32m    LOG[39m [38;5;3m[RouterExplorer] [39m[32mMapped {/store_types/:idOrCode, PUT} route[39m[38;5;3m +0ms[39m
[32m[Nest] 19608  - [39m09/28/2026, 8:17:50 PM [32m    LOG[39m [38;5;3m[RouterExplorer] [39m[32mMapped {/store_types/:idOrCode, PATCH} route[39m[38;5;3m +0ms[39m
[32m[Nest] 19608  - [39m09/28/2026, 8:17:50 PM [32m    LOG[39m [38;5;3m[RouterExplorer] [39m[32mMapped {/store_types/:idOrCode/status, PUT} route[39m[38;5;3m +0ms[39m
[32m[Nest] 19608  - [39m09/28/2026, 8:17:50 PM [32m    LOG[39m [38;5;3m[RouterExplorer] [39m[32mMapped {/store_types/:idOrCode/status, PATCH} route[39m[38;5;3m +0ms[39m
[32m[Nest] 19608  - [39m09/28/2026, 8:17:50 PM [32m    LOG[39m [38;5;3m[RouterExplorer] [39m[32mMapped {/store_types/:idOrCode, DELETE} route[39m[38;5;3m +1ms[39m
[32m[Nest] 19608  - [39m09/28/2026, 8:17:50 PM [32m    LOG[39m [38;5;3m[RouterExplorer] [39m[32mMapped {/store_types/dummy-test, POST} route[39m[38;5;3m +0ms[39m
[32m[Nest] 19608  - [39m09/28/2026, 8:17:50 PM [32m    LOG[39m [38;5;3m[RoutesResolver] [39m[32mOnboardingController {/api/v1/merchants}:[39m[38;5;3m +0ms[39m
[32m[Nest] 19608  - [39m09/28/2026, 8:17:50 PM [32m    LOG[39m [38;5;3m[RouterExplorer] [39m[32mMapped {/api/v1/merchants/onboarding, POST} route[39m[38;5;3m +0ms[39m
[32m[Nest] 19608  - [39m09/28/2026, 8:17:50 PM [32m    LOG[39m [38;5;3m[RouterExplorer] [39m[32mMapped {/api/v1/merchants/:id/onboarding, PUT} route[39m[38;5;3m +0ms[39m
[32m[Nest] 19608  - [39m09/28/2026, 8:17:50 PM [32m    LOG[39m [38;5;3m[RouterExplorer] [39m[32mMapped {/api/v1/merchants/:id/onboarding, GET} route[39m[38;5;3m +0ms[39m
[32m[Nest] 19608  - [39m09/28/2026, 8:17:50 PM [32m    LOG[39m [38;5;3m[RoutesResolver] [39m[32mVendorController {/api/v1/vendors}:[39m[38;5;3m +1ms[39m
[32m[Nest] 19608  - [39m09/28/2026, 8:17:50 PM [32m    LOG[39m [38;5;3m[RouterExplorer] [39m[32mMapped {/api/v1/vendors, GET} route[39m[38;5;3m +0ms[39m
[32m[Nest] 19608  - [39m09/28/2026, 8:17:50 PM [32m    LOG[39m [38;5;3m[RouterExplorer] [39m[32mMapped {/api/v1/vendors/:id, GET} route[39m[38;5;3m +0ms[39m
[32m[Nest] 19608  - [39m09/28/2026, 8:17:50 PM [32m    LOG[39m [38;5;3m[RouterExplorer] [39m[32mMapped {/api/v1/vendors, POST} route[39m[38;5;3m +0ms[39m
[32m[Nest] 19608  - [39m09/28/2026, 8:17:50 PM [32m    LOG[39m [38;5;3m[RouterExplorer] [39m[32mMapped {/api/v1/vendors/:id, PUT} route[39m[38;5;3m +0ms[39m
[32m[Nest] 19608  - [39m09/28/2026, 8:17:50 PM [32m    LOG[39m [38;5;3m[RouterExplorer] [39m[32mMapped {/api/v1/vendors/:id, PATCH} route[39m[38;5;3m +1ms[39m
[32m[Nest] 19608  - [39m09/28/2026, 8:17:50 PM [32m    LOG[39m [38;5;3m[RouterExplorer] [39m[32mMapped {/api/v1/vendors/:id, DELETE} route[39m[38;5;3m +0ms[39m
[32m[Nest] 19608  - [39m09/28/2026, 8:17:50 PM [32m    LOG[39m [38;5;3m[RoutesResolver] [39m[32mVendorController {/connector/api/v1/vendors}:[39m[38;5;3m +0ms[39m
[32m[Nest] 19608  - [39m09/28/2026, 8:17:50 PM [32m    LOG[39m [38;5;3m[RouterExplorer] [39m[32mMapped {/connector/api/v1/vendors, GET} route[39m[38;5;3m +0ms[39m
[32m[Nest] 19608  - [39m09/28/2026, 8:17:50 PM [32m    LOG[39m [38;5;3m[RouterExplorer] [39m[32mMapped {/connector/api/v1/vendors/:id, GET} route[39m[38;5;3m +0ms[39m
[32m[Nest] 19608  - [39m09/28/2026, 8:17:50 PM [32m    LOG[39m [38;5;3m[RouterExplorer] [39m[32mMapped {/connector/api/v1/vendors, POST} route[39m[38;5;3m +0ms[39m
[32m[Nest] 19608  - [39m09/28/2026, 8:17:50 PM [32m    LOG[39m [38;5;3m[RouterExplorer] [39m[32mMapped {/connector/api/v1/vendors/:id, PUT} route[39m[38;5;3m +1ms[39m
[32m[Nest] 19608  - [39m09/28/2026, 8:17:50 PM [32m    LOG[39m [38;5;3m[RouterExplorer] [39m[32mMapped {/connector/api/v1/vendors/:id, PATCH} route[39m[38;5;3m +0ms[39m
[32m[Nest] 19608  - [39m09/28/2026, 8:17:50 PM [32m    LOG[39m [38;5;3m[RouterExplorer] [39m[32mMapped {/connector/api/v1/vendors/:id, DELETE} route[39m[38;5;3m +0ms[39m
[32m[Nest] 19608  - [39m09/28/2026, 8:17:50 PM [32m    LOG[39m [38;5;3m[RoutesResolver] [39m[32mVendorController {/vendors}:[39m[38;5;3m +0ms[39m
[32m[Nest] 19608  - [39m09/28/2026, 8:17:50 PM [32m    LOG[39m [38;5;3m[RouterExplorer] [39m[32mMapped {/vendors, GET} route[39m[38;5;3m +0ms[39m
[32m[Nest] 19608  - [39m09/28/2026, 8:17:50 PM [32m    LOG[39m [38;5;3m[RouterExplorer] [39m[32mMapped {/vendors/:id, GET} route[39m[38;5;3m +0ms[39m
[32m[Nest] 19608  - [39m09/28/2026, 8:17:50 PM [32m    LOG[39m [38;5;3m[RouterExplorer] [39m[32mMapped {/vendors, POST} route[39m[38;5;3m +1ms[39m
[32m[Nest] 19608  - [39m09/28/2026, 8:17:50 PM [32m    LOG[39m [38;5;3m[RouterExplorer] [39m[32mMapped {/vendors/:id, PUT} route[39m[38;5;3m +0ms[39m
[32m[Nest] 19608  - [39m09/28/2026, 8:17:50 PM [32m    LOG[39m [38;5;3m[RouterExplorer] [39m[32mMapped {/vendors/:id, PATCH} route[39m[38;5;3m +0ms[39m
[32m[Nest] 19608  - [39m09/28/2026, 8:17:50 PM [32m    LOG[39m [38;5;3m[RouterExplorer] [39m[32mMapped {/vendors/:id, DELETE} route[39m[38;5;3m +0ms[39m
[32m[Nest] 19608  - [39m09/28/2026, 8:17:50 PM [32m    LOG[39m [38;5;3m[RoutesResolver] [39m[32mTendorController {/api/v1/tendors}:[39m[38;5;3m +0ms[39m
[32m[Nest] 19608  - [39m09/28/2026, 8:17:50 PM [32m    LOG[39m [38;5;3m[RouterExplorer] [39m[32mMapped {/api/v1/tendors, GET} route[39m[38;5;3m +0ms[39m
[32m[Nest] 19608  - [39m09/28/2026, 8:17:50 PM [32m    LOG[39m [38;5;3m[RouterExplorer] [39m[32mMapped {/api/v1/tendors/:id, GET} route[39m[38;5;3m +1ms[39m
[32m[Nest] 19608  - [39m09/28/2026, 8:17:50 PM [32m    LOG[39m [38;5;3m[RouterExplorer] [39m[32mMapped {/api/v1/tendors, POST} route[39m[38;5;3m +0ms[39m
[32m[Nest] 19608  - [39m09/28/2026, 8:17:50 PM [32m    LOG[39m [38;5;3m[RouterExplorer] [39m[32mMapped {/api/v1/tendors/:id, PUT} route[39m[38;5;3m +0ms[39m
[32m[Nest] 19608  - [39m09/28/2026, 8:17:50 PM [32m    LOG[39m [38;5;3m[RouterExplorer] [39m[32mMapped {/api/v1/tendors/:id, PATCH} route[39m[38;5;3m +0ms[39m
[32m[Nest] 19608  - [39m09/28/2026, 8:17:50 PM [32m    LOG[39m [38;5;3m[RouterExplorer] [39m[32mMapped {/api/v1/tendors/:id, DELETE} route[39m[38;5;3m +0ms[39m
[32m[Nest] 19608  - [39m09/28/2026, 8:17:50 PM [32m    LOG[39m [38;5;3m[RoutesResolver] [39m[32mTendorController {/api/v1/tenders}:[39m[38;5;3m +1ms[39m
[32m[Nest] 19608  - [39m09/28/2026, 8:17:50 PM [32m    LOG[39m [38;5;3m[RouterExplorer] [39m[32mMapped {/api/v1/tenders, GET} route[39m[38;5;3m +0ms[39m
[32m[Nest] 19608  - [39m09/28/2026, 8:17:50 PM [32m    LOG[39m [38;5;3m[RouterExplorer] [39m[32mMapped {/api/v1/tenders/:id, GET} route[39m[38;5;3m +0ms[39m
[32m[Nest] 19608  - [39m09/28/2026, 8:17:50 PM [32m    LOG[39m [38;5;3m[RouterExplorer] [39m[32mMapped {/api/v1/tenders, POST} route[39m[38;5;3m +0ms[39m
[32m[Nest] 19608  - [39m09/28/2026, 8:17:50 PM [32m    LOG[39m [38;5;3m[RouterExplorer] [39m[32mMapped {/api/v1/tenders/:id, PUT} route[39m[38;5;3m +0ms[39m
[32m[Nest] 19608  - [39m09/28/2026, 8:17:50 PM [32m    LOG[39m [38;5;3m[RouterExplorer] [39m[32mMapped {/api/v1/tenders/:id, PATCH} route[39m[38;5;3m +0ms[39m
[32m[Nest] 19608  - [39m09/28/2026, 8:17:50 PM [32m    LOG[39m [38;5;3m[RouterExplorer] [39m[32mMapped {/api/v1/tenders/:id, DELETE} route[39m[38;5;3m +1ms[39m
[32m[Nest] 19608  - [39m09/28/2026, 8:17:50 PM [32m    LOG[39m [38;5;3m[RoutesResolver] [39m[32mTendorController {/connector/api/v1/tendors}:[39m[38;5;3m +0ms[39m
[32m[Nest] 19608  - [39m09/28/2026, 8:17:50 PM [32m    LOG[39m [38;5;3m[RouterExplorer] [39m[32mMapped {/connector/api/v1/tendors, GET} route[39m[38;5;3m +0ms[39m
[32m[Nest] 19608  - [39m09/28/2026, 8:17:50 PM [32m    LOG[39m [38;5;3m[RouterExplorer] [39m[32mMapped {/connector/api/v1/tendors/:id, GET} route[39m[38;5;3m +0ms[39m
[32m[Nest] 19608  - [39m09/28/2026, 8:17:50 PM [32m    LOG[39m [38;5;3m[RouterExplorer] [39m[32mMapped {/connector/api/v1/tendors, POST} route[39m[38;5;3m +0ms[39m
[32m[Nest] 19608  - [39m09/28/2026, 8:17:50 PM [32m    LOG[39m [38;5;3m[RouterExplorer] [39m[32mMapped {/connector/api/v1/tendors/:id, PUT} route[39m[38;5;3m +1ms[39m
[32m[Nest] 19608  - [39m09/28/2026, 8:17:50 PM [32m    LOG[39m [38;5;3m[RouterExplorer] [39m[32mMapped {/connector/api/v1/tendors/:id, PATCH} route[39m[38;5;3m +0ms[39m
[32m[Nest] 19608  - [39m09/28/2026, 8:17:50 PM [32m    LOG[39m [38;5;3m[RouterExplorer] [39m[32mMapped {/connector/api/v1/tendors/:id, DELETE} route[39m[38;5;3m +0ms[39m
[32m[Nest] 19608  - [39m09/28/2026, 8:17:50 PM [32m    LOG[39m [38;5;3m[RoutesResolver] [39m[32mTendorController {/connector/api/v1/tenders}:[39m[38;5;3m +0ms[39m
[32m[Nest] 19608  - [39m09/28/2026, 8:17:50 PM [32m    LOG[39m [38;5;3m[RouterExplorer] [39m[32mMapped {/connector/api/v1/tenders, GET} route[39m[38;5;3m +1ms[39m
[32m[Nest] 19608  - [39m09/28/2026, 8:17:50 PM [32m    LOG[39m [38;5;3m[RouterExplorer] [39m[32mMapped {/connector/api/v1/tenders/:id, GET} route[39m[38;5;3m +0ms[39m
[32m[Nest] 19608  - [39m09/28/2026, 8:17:50 PM [32m    LOG[39m [38;5;3m[RouterExplorer] [39m[32mMapped {/connector/api/v1/tenders, POST} route[39m[38;5;3m +0ms[39m
[32m[Nest] 19608  - [39m09/28/2026, 8:17:50 PM [32m    LOG[39m [38;5;3m[RouterExplorer] [39m[32mMapped {/connector/api/v1/tenders/:id, PUT} route[39m[38;5;3m +0ms[39m
[32m[Nest] 19608  - [39m09/28/2026, 8:17:50 PM [32m    LOG[39m [38;5;3m[RouterExplorer] [39m[32mMapped {/connector/api/v1/tenders/:id, PATCH} route[39m[38;5;3m +0ms[39m
[32m[Nest] 19608  - [39m09/28/2026, 8:17:50 PM [32m    LOG[39m [38;5;3m[RouterExplorer] [39m[32mMapped {/connector/api/v1/tenders/:id, DELETE} route[39m[38;5;3m +1ms[39m
[32m[Nest] 19608  - [39m09/28/2026, 8:17:50 PM [32m    LOG[39m [38;5;3m[RoutesResolver] [39m[32mTendorController {/tendors}:[39m[38;5;3m +0ms[39m
[32m[Nest] 19608  - [39m09/28/2026, 8:17:50 PM [32m    LOG[39m [38;5;3m[RouterExplorer] [39m[32mMapped {/tendors, GET} route[39m[38;5;3m +0ms[39m
[32m[Nest] 19608  - [39m09/28/2026, 8:17:50 PM [32m    LOG[39m [38;5;3m[RouterExplorer] [39m[32mMapped {/tendors/:id, GET} route[39m[38;5;3m +0ms[39m
[32m[Nest] 19608  - [39m09/28/2026, 8:17:50 PM [32m    LOG[39m [38;5;3m[RouterExplorer] [39m[32mMapped {/tendors, POST} route[39m[38;5;3m +0ms[39m
[32m[Nest] 19608  - [39m09/28/2026, 8:17:50 PM [32m    LOG[39m [38;5;3m[RouterExplorer] [39m[32mMapped {/tendors/:id, PUT} route[39m[38;5;3m +0ms[39m
[32m[Nest] 19608  - [39m09/28/2026, 8:17:50 PM [32m    LOG[39m [38;5;3m[RouterExplorer] [39m[32mMapped {/tendors/:id, PATCH} route[39m[38;5;3m +1ms[39m
[32m[Nest] 19608  - [39m09/28/2026, 8:17:50 PM [32m    LOG[39m [38;5;3m[RouterExplorer] [39m[32mMapped {/tendors/:id, DELETE} route[39m[38;5;3m +0ms[39m
[32m[Nest] 19608  - [39m09/28/2026, 8:17:50 PM [32m    LOG[39m [38;5;3m[RoutesResolver] [39m[32mTendorController {/tenders}:[39m[38;5;3m +0ms[39m
[32m[Nest] 19608  - [39m09/28/2026, 8:17:50 PM [32m    LOG[39m [38;5;3m[RouterExplorer] [39m[32mMapped {/tenders, GET} route[39m[38;5;3m +0ms[39m
[32m[Nest] 19608  - [39m09/28/2026, 8:17:50 PM [32m    LOG[39m [38;5;3m[RouterExplorer] [39m[32mMapped {/tenders/:id, GET} route[39m[38;5;3m +0ms[39m
[32m[Nest] 19608  - [39m09/28/2026, 8:17:50 PM [32m    LOG[39m [38;5;3m[RouterExplorer] [39m[32mMapped {/tenders, POST} route[39m[38;5;3m +1ms[39m
[32m[Nest] 19608  - [39m09/28/2026, 8:17:50 PM [32m    LOG[39m [38;5;3m[RouterExplorer] [39m[32mMapped {/tenders/:id, PUT} route[39m[38;5;3m +0ms[39m
[32m[Nest] 19608  - [39m09/28/2026, 8:17:50 PM [32m    LOG[39m [38;5;3m[RouterExplorer] [39m[32mMapped {/tenders/:id, PATCH} route[39m[38;5;3m +2ms[39m
[32m[Nest] 19608  - [39m09/28/2026, 8:17:50 PM [32m    LOG[39m [38;5;3m[RouterExplorer] [39m[32mMapped {/tenders/:id, DELETE} route[39m[38;5;3m +0ms[39m
[32m[Nest] 19608  - [39m09/28/2026, 8:17:50 PM [32m    LOG[39m [38;5;3m[RoutesResolver] [39m[32mFeatureController {/api/v1/features}:[39m[38;5;3m +0ms[39m
[32m[Nest] 19608  - [39m09/28/2026, 8:17:50 PM [32m    LOG[39m [38;5;3m[RouterExplorer] [39m[32mMapped {/api/v1/features/categories, GET} route[39m[38;5;3m +0ms[39m
[32m[Nest] 19608  - [39m09/28/2026, 8:17:50 PM [32m    LOG[39m [38;5;3m[RouterExplorer] [39m[32mMapped {/api/v1/features/by-category, GET} route[39m[38;5;3m +1ms[39m
[32m[Nest] 19608  - [39m09/28/2026, 8:17:50 PM [32m    LOG[39m [38;5;3m[RouterExplorer] [39m[32mMapped {/api/v1/features, GET} route[39m[38;5;3m +0ms[39m
[32m[Nest] 19608  - [39m09/28/2026, 8:17:50 PM [32m    LOG[39m [38;5;3m[RouterExplorer] [39m[32mMapped {/api/v1/features/:id, GET} route[39m[38;5;3m +0ms[39m
[32m[Nest] 19608  - [39m09/28/2026, 8:17:50 PM [32m    LOG[39m [38;5;3m[RouterExplorer] [39m[32mMapped {/api/v1/features, POST} route[39m[38;5;3m +1ms[39m
[32m[Nest] 19608  - [39m09/28/2026, 8:17:50 PM [32m    LOG[39m [38;5;3m[RouterExplorer] [39m[32mMapped {/api/v1/features/:id, PUT} route[39m[38;5;3m +0ms[39m
[32m[Nest] 19608  - [39m09/28/2026, 8:17:50 PM [32m    LOG[39m [38;5;3m[RouterExplorer] [39m[32mMapped {/api/v1/features/:id, PATCH} route[39m[38;5;3m +0ms[39m
[32m[Nest] 19608  - [39m09/28/2026, 8:17:50 PM [32m    LOG[39m [38;5;3m[RouterExplorer] [39m[32mMapped {/api/v1/features/:id/status, PUT} route[39m[38;5;3m +1ms[39m
[32m[Nest] 19608  - [39m09/28/2026, 8:17:50 PM [32m    LOG[39m [38;5;3m[RouterExplorer] [39m[32mMapped {/api/v1/features/:id/status, PATCH} route[39m[38;5;3m +0ms[39m
[32m[Nest] 19608  - [39m09/28/2026, 8:17:50 PM [32m    LOG[39m [38;5;3m[RouterExplorer] [39m[32mMapped {/api/v1/features/:id, DELETE} route[39m[38;5;3m +0ms[39m
[32m[Nest] 19608  - [39m09/28/2026, 8:17:50 PM [32m    LOG[39m [38;5;3m[RoutesResolver] [39m[32mFeatureController {/connector/api/v1/features}:[39m[38;5;3m +0ms[39m
[32m[Nest] 19608  - [39m09/28/2026, 8:17:50 PM [32m    LOG[39m [38;5;3m[RouterExplorer] [39m[32mMapped {/connector/api/v1/features/categories, GET} route[39m[38;5;3m +1ms[39m
[32m[Nest] 19608  - [39m09/28/2026, 8:17:50 PM [32m    LOG[39m [38;5;3m[RouterExplorer] [39m[32mMapped {/connector/api/v1/features/by-category, GET} route[39m[38;5;3m +0ms[39m
[32m[Nest] 19608  - [39m09/28/2026, 8:17:50 PM [32m    LOG[39m [38;5;3m[RouterExplorer] [39m[32mMapped {/connector/api/v1/features, GET} route[39m[38;5;3m +0ms[39m
[32m[Nest] 19608  - [39m09/28/2026, 8:17:50 PM [32m    LOG[39m [38;5;3m[RouterExplorer] [39m[32mMapped {/connector/api/v1/features/:id, GET} route[39m[38;5;3m +0ms[39m
[32m[Nest] 19608  - [39m09/28/2026, 8:17:50 PM [32m    LOG[39m [38;5;3m[RouterExplorer] [39m[32mMapped {/connector/api/v1/features, POST} route[39m[38;5;3m +0ms[39m
[32m[Nest] 19608  - [39m09/28/2026, 8:17:50 PM [32m    LOG[39m [38;5;3m[RouterExplorer] [39m[32mMapped {/connector/api/v1/features/:id, PUT} route[39m[38;5;3m +1ms[39m
[32m[Nest] 19608  - [39m09/28/2026, 8:17:50 PM [32m    LOG[39m [38;5;3m[RouterExplorer] [39m[32mMapped {/connector/api/v1/features/:id, PATCH} route[39m[38;5;3m +0ms[39m
[32m[Nest] 19608  - [39m09/28/2026, 8:17:50 PM [32m    LOG[39m [38;5;3m[RouterExplorer] [39m[32mMapped {/connector/api/v1/features/:id/status, PUT} route[39m[38;5;3m +0ms[39m
[32m[Nest] 19608  - [39m09/28/2026, 8:17:50 PM [32m    LOG[39m [38;5;3m[RouterExplorer] [39m[32mMapped {/connector/api/v1/features/:id/status, PATCH} route[39m[38;5;3m +0ms[39m
[32m[Nest] 19608  - [39m09/28/2026, 8:17:50 PM [32m    LOG[39m [38;5;3m[RouterExplorer] [39m[32mMapped {/connector/api/v1/features/:id, DELETE} route[39m[38;5;3m +0ms[39m
[32m[Nest] 19608  - [39m09/28/2026, 8:17:50 PM [32m    LOG[39m [38;5;3m[RoutesResolver] [39m[32mFeatureController {/features}:[39m[38;5;3m +0ms[39m
[32m[Nest] 19608  - [39m09/28/2026, 8:17:50 PM [32m    LOG[39m [38;5;3m[RouterExplorer] [39m[32mMapped {/features/categories, GET} route[39m[38;5;3m +1ms[39m
[32m[Nest] 19608  - [39m09/28/2026, 8:17:50 PM [32m    LOG[39m [38;5;3m[RouterExplorer] [39m[32mMapped {/features/by-category, GET} route[39m[38;5;3m +0ms[39m
[32m[Nest] 19608  - [39m09/28/2026, 8:17:50 PM [32m    LOG[39m [38;5;3m[RouterExplorer] [39m[32mMapped {/features, GET} route[39m[38;5;3m +0ms[39m
[32m[Nest] 19608  - [39m09/28/2026, 8:17:50 PM [32m    LOG[39m [38;5;3m[RouterExplorer] [39m[32mMapped {/features/:id, GET} route[39m[38;5;3m +0ms[39m
[32m[Nest] 19608  - [39m09/28/2026, 8:17:50 PM [32m    LOG[39m [38;5;3m[RouterExplorer] [39m[32mMapped {/features, POST} route[39m[38;5;3m +0ms[39m
[32m[Nest] 19608  - [39m09/28/2026, 8:17:50 PM [32m    LOG[39m [38;5;3m[RouterExplorer] [39m[32mMapped {/features/:id, PUT} route[39m[38;5;3m +1ms[39m
[32m[Nest] 19608  - [39m09/28/2026, 8:17:50 PM [32m    LOG[39m [38;5;3m[RouterExplorer] [39m[32mMapped {/features/:id, PATCH} route[39m[38;5;3m +0ms[39m
[32m[Nest] 19608  - [39m09/28/2026, 8:17:50 PM [32m    LOG[39m [38;5;3m[RouterExplorer] [39m[32mMapped {/features/:id/status, PUT} route[39m[38;5;3m +0ms[39m
[32m[Nest] 19608  - [39m09/28/2026, 8:17:50 PM [32m    LOG[39m [38;5;3m[RouterExplorer] [39m[32mMapped {/features/:id/status, PATCH} route[39m[38;5;3m +0ms[39m
[32m[Nest] 19608  - [39m09/28/2026, 8:17:50 PM [32m    LOG[39m [38;5;3m[RouterExplorer] [39m[32mMapped {/features/:id, DELETE} route[39m[38;5;3m +0ms[39m
[32m[Nest] 19608  - [39m09/28/2026, 8:17:50 PM [32m    LOG[39m [38;5;3m[RoutesResolver] [39m[32mRoleTemplateController {/api/v1/role-templates}:[39m[38;5;3m +0ms[39m
[32m[Nest] 19608  - [39m09/28/2026, 8:17:50 PM [32m    LOG[39m [38;5;3m[RouterExplorer] [39m[32mMapped {/api/v1/role-templates, GET} route[39m[38;5;3m +1ms[39m
[32m[Nest] 19608  - [39m09/28/2026, 8:17:50 PM [32m    LOG[39m [38;5;3m[RouterExplorer] [39m[32mMapped {/api/v1/role-templates/:id, GET} route[39m[38;5;3m +0ms[39m
[32m[Nest] 19608  - [39m09/28/2026, 8:17:50 PM [32m    LOG[39m [38;5;3m[RouterExplorer] [39m[32mMapped {/api/v1/role-templates, POST} route[39m[38;5;3m +0ms[39m
[32m[Nest] 19608  - [39m09/28/2026, 8:17:50 PM [32m    LOG[39m [38;5;3m[RouterExplorer] [39m[32mMapped {/api/v1/role-templates/:id, PUT} route[39m[38;5;3m +0ms[39m
[32m[Nest] 19608  - [39m09/28/2026, 8:17:50 PM [32m    LOG[39m [38;5;3m[RouterExplorer] [39m[32mMapped {/api/v1/role-templates/:id, PATCH} route[39m[38;5;3m +0ms[39m
[32m[Nest] 19608  - [39m09/28/2026, 8:17:50 PM [32m    LOG[39m [38;5;3m[RouterExplorer] [39m[32mMapped {/api/v1/role-templates/:id, DELETE} route[39m[38;5;3m +1ms[39m
[32m[Nest] 19608  - [39m09/28/2026, 8:17:50 PM [32m    LOG[39m [38;5;3m[RoutesResolver] [39m[32mRoleTemplateController {/api/v1/role_templates}:[39m[38;5;3m +0ms[39m
[32m[Nest] 19608  - [39m09/28/2026, 8:17:50 PM [32m    LOG[39m [38;5;3m[RouterExplorer] [39m[32mMapped {/api/v1/role_templates, GET} route[39m[38;5;3m +0ms[39m
[32m[Nest] 19608  - [39m09/28/2026, 8:17:50 PM [32m    LOG[39m [38;5;3m[RouterExplorer] [39m[32mMapped {/api/v1/role_templates/:id, GET} route[39m[38;5;3m +0ms[39m
[32m[Nest] 19608  - [39m09/28/2026, 8:17:50 PM [32m    LOG[39m [38;5;3m[RouterExplorer] [39m[32mMapped {/api/v1/role_templates, POST} route[39m[38;5;3m +0ms[39m
[32m[Nest] 19608  - [39m09/28/2026, 8:17:50 PM [32m    LOG[39m [38;5;3m[RouterExplorer] [39m[32mMapped {/api/v1/role_templates/:id, PUT} route[39m[38;5;3m +0ms[39m
[32m[Nest] 19608  - [39m09/28/2026, 8:17:50 PM [32m    LOG[39m [38;5;3m[RouterExplorer] [39m[32mMapped {/api/v1/role_templates/:id, PATCH} route[39m[38;5;3m +1ms[39m
[32m[Nest] 19608  - [39m09/28/2026, 8:17:50 PM [32m    LOG[39m [38;5;3m[RouterExplorer] [39m[32mMapped {/api/v1/role_templates/:id, DELETE} route[39m[38;5;3m +0ms[39m
[32m[Nest] 19608  - [39m09/28/2026, 8:17:50 PM [32m    LOG[39m [38;5;3m[RoutesResolver] [39m[32mRoleTemplateController {/connector/api/v1/role-templates}:[39m[38;5;3m +0ms[39m
[32m[Nest] 19608  - [39m09/28/2026, 8:17:50 PM [32m    LOG[39m [38;5;3m[RouterExplorer] [39m[32mMapped {/connector/api/v1/role-templates, GET} route[39m[38;5;3m +0ms[39m
[32m[Nest] 19608  - [39m09/28/2026, 8:17:50 PM [32m    LOG[39m [38;5;3m[RouterExplorer] [39m[32mMapped {/connector/api/v1/role-templates/:id, GET} route[39m[38;5;3m +0ms[39m
[32m[Nest] 19608  - [39m09/28/2026, 8:17:50 PM [32m    LOG[39m [38;5;3m[RouterExplorer] [39m[32mMapped {/connector/api/v1/role-templates, POST} route[39m[38;5;3m +0ms[39m
[32m[Nest] 19608  - [39m09/28/2026, 8:17:50 PM [32m    LOG[39m [38;5;3m[RouterExplorer] [39m[32mMapped {/connector/api/v1/role-templates/:id, PUT} route[39m[38;5;3m +1ms[39m
[32m[Nest] 19608  - [39m09/28/2026, 8:17:50 PM [32m    LOG[39m [38;5;3m[RouterExplorer] [39m[32mMapped {/connector/api/v1/role-templates/:id, PATCH} route[39m[38;5;3m +0ms[39m
[32m[Nest] 19608  - [39m09/28/2026, 8:17:50 PM [32m    LOG[39m [38;5;3m[RouterExplorer] [39m[32mMapped {/connector/api/v1/role-templates/:id, DELETE} route[39m[38;5;3m +0ms[39m
[32m[Nest] 19608  - [39m09/28/2026, 8:17:50 PM [32m    LOG[39m [38;5;3m[RoutesResolver] [39m[32mRoleTemplateController {/connector/api/v1/role_templates}:[39m[38;5;3m +0ms[39m
[32m[Nest] 19608  - [39m09/28/2026, 8:17:50 PM [32m    LOG[39m [38;5;3m[RouterExplorer] [39m[32mMapped {/connector/api/v1/role_templates, GET} route[39m[38;5;3m +0ms[39m
[32m[Nest] 19608  - [39m09/28/2026, 8:17:50 PM [32m    LOG[39m [38;5;3m[RouterExplorer] [39m[32mMapped {/connector/api/v1/role_templates/:id, GET} route[39m[38;5;3m +0ms[39m
[32m[Nest] 19608  - [39m09/28/2026, 8:17:50 PM [32m    LOG[39m [38;5;3m[RouterExplorer] [39m[32mMapped {/connector/api/v1/role_templates, POST} route[39m[38;5;3m +1ms[39m
[32m[Nest] 19608  - [39m09/28/2026, 8:17:50 PM [32m    LOG[39m [38;5;3m[RouterExplorer] [39m[32mMapped {/connector/api/v1/role_templates/:id, PUT} route[39m[38;5;3m +0ms[39m
[32m[Nest] 19608  - [39m09/28/2026, 8:17:50 PM [32m    LOG[39m [38;5;3m[RouterExplorer] [39m[32mMapped {/connector/api/v1/role_templates/:id, PATCH} route[39m[38;5;3m +0ms[39m
[32m[Nest] 19608  - [39m09/28/2026, 8:17:50 PM [32m    LOG[39m [38;5;3m[RouterExplorer] [39m[32mMapped {/connector/api/v1/role_templates/:id, DELETE} route[39m[38;5;3m +0ms[39m
[32m[Nest] 19608  - [39m09/28/2026, 8:17:50 PM [32m    LOG[39m [38;5;3m[RoutesResolver] [39m[32mRoleTemplateController {/role-templates}:[39m[38;5;3m +0ms[39m
[32m[Nest] 19608  - [39m09/28/2026, 8:17:50 PM [32m    LOG[39m [38;5;3m[RouterExplorer] [39m[32mMapped {/role-templates, GET} route[39m[38;5;3m +0ms[39m
[32m[Nest] 19608  - [39m09/28/2026, 8:17:50 PM [32m    LOG[39m [38;5;3m[RouterExplorer] [39m[32mMapped {/role-templates/:id, GET} route[39m[38;5;3m +1ms[39m
[32m[Nest] 19608  - [39m09/28/2026, 8:17:50 PM [32m    LOG[39m [38;5;3m[RouterExplorer] [39m[32mMapped {/role-templates, POST} route[39m[38;5;3m +0ms[39m
[32m[Nest] 19608  - [39m09/28/2026, 8:17:50 PM [32m    LOG[39m [38;5;3m[RouterExplorer] [39m[32mMapped {/role-templates/:id, PUT} route[39m[38;5;3m +0ms[39m
[32m[Nest] 19608  - [39m09/28/2026, 8:17:50 PM [32m    LOG[39m [38;5;3m[RouterExplorer] [39m[32mMapped {/role-templates/:id, PATCH} route[39m[38;5;3m +0ms[39m
[32m[Nest] 19608  - [39m09/28/2026, 8:17:50 PM [32m    LOG[39m [38;5;3m[RouterExplorer] [39m[32mMapped {/role-templates/:id, DELETE} route[39m[38;5;3m +0ms[39m
[32m[Nest] 19608  - [39m09/28/2026, 8:17:50 PM [32m    LOG[39m [38;5;3m[RoutesResolver] [39m[32mRoleTemplateController {/role_templates}:[39m[38;5;3m +1ms[39m
[32m[Nest] 19608  - [39m09/28/2026, 8:17:50 PM [32m    LOG[39m [38;5;3m[RouterExplorer] [39m[32mMapped {/role_templates, GET} route[39m[38;5;3m +0ms[39m
[32m[Nest] 19608  - [39m09/28/2026, 8:17:50 PM [32m    LOG[39m [38;5;3m[RouterExplorer] [39m[32mMapped {/role_templates/:id, GET} route[39m[38;5;3m +0ms[39m
[32m[Nest] 19608  - [39m09/28/2026, 8:17:50 PM [32m    LOG[39m [38;5;3m[RouterExplorer] [39m[32mMapped {/role_templates, POST} route[39m[38;5;3m +0ms[39m
[32m[Nest] 19608  - [39m09/28/2026, 8:17:50 PM [32m    LOG[39m [38;5;3m[RouterExplorer] [39m[32mMapped {/role_templates/:id, PUT} route[39m[38;5;3m +0ms[39m
[32m[Nest] 19608  - [39m09/28/2026, 8:17:50 PM [32m    LOG[39m [38;5;3m[RouterExplorer] [39m[32mMapped {/role_templates/:id, PATCH} route[39m[38;5;3m +1ms[39m
[32m[Nest] 19608  - [39m09/28/2026, 8:17:50 PM [32m    LOG[39m [38;5;3m[RouterExplorer] [39m[32mMapped {/role_templates/:id, DELETE} route[39m[38;5;3m +0ms[39m
[32m[Nest] 19608  - [39m09/28/2026, 8:17:50 PM [32m    LOG[39m [38;5;3m[RoutesResolver] [39m[32mPlanController {/api/v1/plans}:[39m[38;5;3m +0ms[39m
[32m[Nest] 19608  - [39m09/28/2026, 8:17:50 PM [32m    LOG[39m [38;5;3m[RouterExplorer] [39m[32mMapped {/api/v1/plans, GET} route[39m[38;5;3m +0ms[39m
[32m[Nest] 19608  - [39m09/28/2026, 8:17:50 PM [32m    LOG[39m [38;5;3m[RouterExplorer] [39m[32mMapped {/api/v1/plans/:id, GET} route[39m[38;5;3m +0ms[39m
[32m[Nest] 19608  - [39m09/28/2026, 8:17:50 PM [32m    LOG[39m [38;5;3m[RouterExplorer] [39m[32mMapped {/api/v1/plans, POST} route[39m[38;5;3m +1ms[39m
[32m[Nest] 19608  - [39m09/28/2026, 8:17:50 PM [32m    LOG[39m [38;5;3m[RouterExplorer] [39m[32mMapped {/api/v1/plans/:id, PUT} route[39m[38;5;3m +0ms[39m
[32m[Nest] 19608  - [39m09/28/2026, 8:17:50 PM [32m    LOG[39m [38;5;3m[RouterExplorer] [39m[32mMapped {/api/v1/plans/:id, PATCH} route[39m[38;5;3m +0ms[39m
[32m[Nest] 19608  - [39m09/28/2026, 8:17:50 PM [32m    LOG[39m [38;5;3m[RouterExplorer] [39m[32mMapped {/api/v1/plans/:id, DELETE} route[39m[38;5;3m +0ms[39m
[32m[Nest] 19608  - [39m09/28/2026, 8:17:50 PM [32m    LOG[39m [38;5;3m[RoutesResolver] [39m[32mPlanController {/connector/api/v1/plans}:[39m[38;5;3m +0ms[39m
[32m[Nest] 19608  - [39m09/28/2026, 8:17:50 PM [32m    LOG[39m [38;5;3m[RouterExplorer] [39m[32mMapped {/connector/api/v1/plans, GET} route[39m[38;5;3m +0ms[39m
[32m[Nest] 19608  - [39m09/28/2026, 8:17:50 PM [32m    LOG[39m [38;5;3m[RouterExplorer] [39m[32mMapped {/connector/api/v1/plans/:id, GET} route[39m[38;5;3m +1ms[39m
[32m[Nest] 19608  - [39m09/28/2026, 8:17:50 PM [32m    LOG[39m [38;5;3m[RouterExplorer] [39m[32mMapped {/connector/api/v1/plans, POST} route[39m[38;5;3m +0ms[39m
[32m[Nest] 19608  - [39m09/28/2026, 8:17:50 PM [32m    LOG[39m [38;5;3m[RouterExplorer] [39m[32mMapped {/connector/api/v1/plans/:id, PUT} route[39m[38;5;3m +0ms[39m
[32m[Nest] 19608  - [39m09/28/2026, 8:17:50 PM [32m    LOG[39m [38;5;3m[RouterExplorer] [39m[32mMapped {/connector/api/v1/plans/:id, PATCH} route[39m[38;5;3m +0ms[39m
[32m[Nest] 19608  - [39m09/28/2026, 8:17:50 PM [32m    LOG[39m [38;5;3m[RouterExplorer] [39m[32mMapped {/connector/api/v1/plans/:id, DELETE} route[39m[38;5;3m +0ms[39m
[32m[Nest] 19608  - [39m09/28/2026, 8:17:50 PM [32m    LOG[39m [38;5;3m[RoutesResolver] [39m[32mPlanController {/plans}:[39m[38;5;3m +0ms[39m
[32m[Nest] 19608  - [39m09/28/2026, 8:17:50 PM [32m    LOG[39m [38;5;3m[RouterExplorer] [39m[32mMapped {/plans, GET} route[39m[38;5;3m +1ms[39m
[32m[Nest] 19608  - [39m09/28/2026, 8:17:50 PM [32m    LOG[39m [38;5;3m[RouterExplorer] [39m[32mMapped {/plans/:id, GET} route[39m[38;5;3m +0ms[39m
[32m[Nest] 19608  - [39m09/28/2026, 8:17:50 PM [32m    LOG[39m [38;5;3m[RouterExplorer] [39m[32mMapped {/plans, POST} route[39m[38;5;3m +0ms[39m
[32m[Nest] 19608  - [39m09/28/2026, 8:17:50 PM [32m    LOG[39m [38;5;3m[RouterExplorer] [39m[32mMapped {/plans/:id, PUT} route[39m[38;5;3m +0ms[39m
[32m[Nest] 19608  - [39m09/28/2026, 8:17:50 PM [32m    LOG[39m [38;5;3m[RouterExplorer] [39m[32mMapped {/plans/:id, PATCH} route[39m[38;5;3m +0ms[39m
[32m[Nest] 19608  - [39m09/28/2026, 8:17:50 PM [32m    LOG[39m [38;5;3m[RouterExplorer] [39m[32mMapped {/plans/:id, DELETE} route[39m[38;5;3m +1ms[39m
[32m[Nest] 19608  - [39m09/28/2026, 8:17:50 PM [32m    LOG[39m [38;5;3m[RoutesResolver] [39m[32mDynamicQueryController {/api/v1/query}:[39m[38;5;3m +0ms[39m
[32m[Nest] 19608  - [39m09/28/2026, 8:17:50 PM [32m    LOG[39m [38;5;3m[RouterExplorer] [39m[32mMapped {/api/v1/query/employees, GET} route[39m[38;5;3m +0ms[39m
[32m[Nest] 19608  - [39m09/28/2026, 8:17:50 PM [32m    LOG[39m [38;5;3m[RouterExplorer] [39m[32mMapped {/api/v1/query/stores, GET} route[39m[38;5;3m +0ms[39m
[32m[Nest] 19608  - [39m09/28/2026, 8:17:50 PM [32m    LOG[39m [38;5;3m[RouterExplorer] [39m[32mMapped {/api/v1/query/vendors, GET} route[39m[38;5;3m +0ms[39m
[32m[Nest] 19608  - [39m09/28/2026, 8:17:50 PM [32m    LOG[39m [38;5;3m[RouterExplorer] [39m[32mMapped {/api/v1/query/subscriptions, GET} route[39m[38;5;3m +1ms[39m
[32m[Nest] 19608  - [39m09/28/2026, 8:17:50 PM [32m    LOG[39m [38;5;3m[RouterExplorer] [39m[32mMapped {/api/v1/query/role-templates, GET} route[39m[38;5;3m +0ms[39m
[32m[Nest] 19608  - [39m09/28/2026, 8:17:50 PM [32m    LOG[39m [38;5;3m[RouterExplorer] [39m[32mMapped {/api/v1/query/features, GET} route[39m[38;5;3m +0ms[39m
[32m[Nest] 19608  - [39m09/28/2026, 8:17:50 PM [32m    LOG[39m [38;5;3m[RouterExplorer] [39m[32mMapped {/api/v1/query/merchants/:merchantId, GET} route[39m[38;5;3m +0ms[39m
[32m[Nest] 19608  - [39m09/28/2026, 8:17:50 PM [32m    LOG[39m [38;5;3m[RoutesResolver] [39m[32mDynamicQueryController {/connector/api/v1/query}:[39m[38;5;3m +0ms[39m
[32m[Nest] 19608  - [39m09/28/2026, 8:17:50 PM [32m    LOG[39m [38;5;3m[RouterExplorer] [39m[32mMapped {/connector/api/v1/query/employees, GET} route[39m[38;5;3m +0ms[39m
[32m[Nest] 19608  - [39m09/28/2026, 8:17:50 PM [32m    LOG[39m [38;5;3m[RouterExplorer] [39m[32mMapped {/connector/api/v1/query/stores, GET} route[39m[38;5;3m +1ms[39m
[32m[Nest] 19608  - [39m09/28/2026, 8:17:50 PM [32m    LOG[39m [38;5;3m[RouterExplorer] [39m[32mMapped {/connector/api/v1/query/vendors, GET} route[39m[38;5;3m +0ms[39m
[32m[Nest] 19608  - [39m09/28/2026, 8:17:50 PM [32m    LOG[39m [38;5;3m[RouterExplorer] [39m[32mMapped {/connector/api/v1/query/subscriptions, GET} route[39m[38;5;3m +0ms[39m
[32m[Nest] 19608  - [39m09/28/2026, 8:17:50 PM [32m    LOG[39m [38;5;3m[RouterExplorer] [39m[32mMapped {/connector/api/v1/query/role-templates, GET} route[39m[38;5;3m +0ms[39m
[32m[Nest] 19608  - [39m09/28/2026, 8:17:50 PM [32m    LOG[39m [38;5;3m[RouterExplorer] [39m[32mMapped {/connector/api/v1/query/features, GET} route[39m[38;5;3m +0ms[39m
[32m[Nest] 19608  - [39m09/28/2026, 8:17:50 PM [32m    LOG[39m [38;5;3m[RouterExplorer] [39m[32mMapped {/connector/api/v1/query/merchants/:merchantId, GET} route[39m[38;5;3m +1ms[39m
🐘 [PCH Merchant DB] Connected to PostgreSQL 127.0.0.1:5432/pinaka_commerce_hub
⚡ [PCH Merchant Redis] Connected to Redis for <1ms PIN & Entitlement caching
[32m[Nest] 19608  - [39m09/28/2026, 8:17:51 PM [32m    LOG[39m [38;5;3m[NestApplication] [39m[32mNest application successfully started[39m[38;5;3m +701ms[39m
🚀 Merchant Service running on http://localhost:3003
📡 [HTTP INCOMING] [CorrelationID: corr_2dccf809-e5fc-49a8-89a9-40a19e56f879] GET /api/v1/store-types/a1b2c3d4-e5f6-4a1b-8c2d-000000000005/role-templates/assigned?status=ACTIVE
✅ [HTTP COMPLETED] [CorrelationID: corr_2dccf809-e5fc-49a8-89a9-40a19e56f879] GET /api/v1/store-types/a1b2c3d4-e5f6-4a1b-8c2d-000000000005/role-templates/assigned?status=ACTIVE - Status: 200 (14ms)
📡 [HTTP INCOMING] [CorrelationID: corr_05a089b0-60b3-4681-a455-0f71fb07301e] GET /api/v1/merchants/MCH-1001/store-types/a1b2c3d4-e5f6-4a1b-8c2d-000000000005/features
✅ [HTTP COMPLETED] [CorrelationID: corr_05a089b0-60b3-4681-a455-0f71fb07301e] GET /api/v1/merchants/MCH-1001/store-types/a1b2c3d4-e5f6-4a1b-8c2d-000000000005/features - Status: 200 (98ms)
📡 [HTTP INCOMING] [CorrelationID: corr_abd54913-beb6-4aed-9d56-ec8359e3c3c6] PUT /api/v1/stores/STR-STORE-API-TEST-001
✅ [HTTP COMPLETED] [CorrelationID: corr_abd54913-beb6-4aed-9d56-ec8359e3c3c6] PUT /api/v1/stores/STR-STORE-API-TEST-001 - Status: 200 (63ms)
